timestamp,epoch,train_loss,test_loss,test_accuracy,learning_rate,epoch_time,memory_used_gb,is_best_model,block_0_precision_level,block_0_attention_entropy,block_1_precision_level,block_1_attention_entropy,block_2_precision_level,block_2_attention_entropy,block_3_precision_level,block_3_attention_entropy
2025-01-25 20:53:38,0,2.4478364173402176,1.9635451952616374,25.0,4.000000000000002e-06,30.188814401626587,6.040493488311768,True,0,0,0,0,0,0,0,0
2025-01-25 20:54:08,1,1.8992742639906863,1.795926300684611,25.25,4.090345593009e-06,30.210253477096558,6.040493488311768,True,0,0,0,0,0,0,0,0
2025-01-25 20:54:39,2,1.8083919829510628,1.7759616295496623,27.736842105263158,4.361042275111994e-06,30.373607873916626,6.040493488311768,True,0,0,0,0,0,0,0,0
2025-01-25 20:55:09,3,1.7913403653083964,1.773753277460734,34.03947368421053,4.811071035797733e-06,30.405425310134888,6.040493488311768,True,0,0,0,0,0,0,0,0
2025-01-25 20:55:39,4,1.7869131204929758,1.7709951957066854,32.526315789473685,5.438737786930546e-06,30.521299123764038,6.040493488311768,False,0,0,0,0,0,0,0,0
2025-01-25 20:56:10,5,1.7819469634522782,1.7642655452092488,32.421052631578945,6.241679739975349e-06,30.57800030708313,6.040493488311768,False,0,0,0,0,0,0,0,0
2025-01-25 20:56:41,6,1.7678081811742579,1.7246265172958375,41.56578947368421,7.216874300477956e-06,30.66866660118103,6.040493488311768,True,0,0,0,0,0,0,0,0
2025-01-25 20:57:12,7,1.6881033085762187,1.6553360144297282,47.94736842105263,8.360650446318912e-06,30.68781614303589,6.040493488311768,True,0,0,0,0,0,0,0,0
2025-01-25 20:57:43,8,1.5229001126390822,1.5057141145070394,61.276315789473685,9.66870254690794e-06,30.69593071937561,6.040493488311768,True,0,0,0,0,0,0,0,0
2025-01-25 20:58:14,9,1.3576296892571957,1.489166251818339,67.38157894736842,1.1136106571298644e-05,30.717176914215088,6.040493488311768,True,0,0,0,0,0,0,0,0
2025-01-25 20:58:45,10,1.2384597113791933,1.4986475229263305,70.02631578947368,1.275733862420905e-05,30.749415636062622,6.040493488311768,True,0,0,0,0,0,0,0,0
2025-01-25 20:59:16,11,1.1644558693500275,1.3635441144307454,74.78947368421052,1.4526295740171396e-05,30.789785861968994,6.040493488311768,True,0,0,0,0,0,0,0,0
2025-01-25 20:59:47,12,1.1097470194735426,1.2756066878636678,77.36842105263158,1.6436318857533682e-05,30.734562397003174,6.040493488311768,True,0,0,0,0,0,0,0,0
2025-01-25 21:00:19,13,1.0695634418345512,1.1945905367533365,80.17105263157895,1.848021788582925e-05,30.738642930984497,6.040493488311768,True,0,0,0,0,0,0,0,0
2025-01-25 21:00:50,14,1.0338563510712158,1.202137557665507,79.97368421052632,2.0650298772151402e-05,30.735008478164673,6.040493488311768,False,0,0,0,0,0,0,0,0
2025-01-25 21:01:21,15,1.0057801616952775,1.18002556959788,81.26315789473684,2.2938392464643713e-05,30.804603099822998,6.040493488311768,True,0,0,0,0,0,0,0,0
2025-01-25 21:01:51,16,0.9822155990499131,1.132268754641215,82.38157894736842,2.5335885664076746e-05,30.72121834754944,6.040493488311768,True,0,0,0,0,0,0,0,0
2025-01-25 21:02:22,17,0.9605880369531348,1.102616341908773,83.11842105263158,2.7833753247748873e-05,30.746063232421875,6.040493488311768,True,0,0,0,0,0,0,0,0
2025-01-25 21:02:53,18,0.9455747213769466,1.025735048453013,85.42105263157895,3.0422592243655757e-05,30.72213363647461,6.040493488311768,True,0,0,0,0,0,0,0,0
2025-01-25 21:03:24,19,0.9326594958914087,1.025352907180786,85.39473684210526,3.3092657227035314e-05,30.75244688987732,6.040493488311768,False,0,0,0,0,0,0,0,0
2025-01-25 21:03:55,20,0.914822034632906,1.0102848649024962,86.13157894736842,3.583389700604185e-05,30.70936942100525,6.040493488311768,True,0,0,0,0,0,0,0,0
2025-01-25 21:04:26,21,0.9015380478919821,0.9717984954516093,86.96052631578948,3.86359924584498e-05,30.756764888763428,6.040493488311768,True,0,0,0,0,0,0,0,0
2025-01-25 21:04:56,22,0.89174965138131,0.9477213462193806,87.72368421052632,4.1488395376954334e-05,30.72877264022827,6.040493488311768,True,0,0,0,0,0,0,0,0
2025-01-25 21:05:27,23,0.8817253855948752,0.9860140681266785,87.02631578947368,4.438036817683991e-05,30.73243498802185,6.040493488311768,False,0,0,0,0,0,0,0,0
2025-01-25 21:05:58,24,0.8710347446989506,0.9461624781290691,87.94736842105263,4.730102431654108e-05,30.69671654701233,6.040493488311768,True,0,0,0,0,0,0,0,0
2025-01-25 21:06:29,25,0.8620503083188483,0.9435796936353048,87.98684210526316,5.0239369278936265e-05,30.685935974121094,6.040493488311768,True,0,0,0,0,0,0,0,0
2025-01-25 21:07:00,26,0.8544544706953333,0.9081979274749756,88.94736842105263,5.318434195910498e-05,30.667155504226685,6.040493488311768,True,0,0,0,0,0,0,0,0
2025-01-25 21:07:30,27,0.8473991140406183,0.9088456590970357,89.09210526315789,5.612485630274782e-05,30.654017448425293,6.040493488311768,True,0,0,0,0,0,0,0,0
2025-01-25 21:08:01,28,0.8395807847063592,0.9207706054051717,88.80263157894737,5.904984303852614e-05,30.693927526474,6.040493488311768,False,0,0,0,0,0,0,0,0
2025-01-25 21:08:32,29,0.8327367186546326,0.9135461568832397,89.01315789473684,6.194829134722378e-05,30.641299962997437,6.040493488311768,False,0,0,0,0,0,0,0,0
2025-01-25 21:09:02,30,0.8273930689121815,0.8924564639727275,89.4342105263158,6.480929031087179e-05,30.68002223968506,6.040493488311768,True,0,0,0,0,0,0,0,0
2025-01-25 21:09:33,31,0.8190285015613474,0.8768137574195862,89.98684210526316,6.762206998580479e-05,30.670153379440308,6.040493488311768,True,0,0,0,0,0,0,0,0
2025-01-25 21:10:04,32,0.8107240517088707,0.8875212033589681,89.82894736842105,7.037604194503382e-05,30.687543869018555,6.040493488311768,False,0,0,0,0,0,0,0,0
2025-01-25 21:10:35,33,0.8095464726711842,0.891824726263682,89.88157894736842,7.306083913731775e-05,30.68896222114563,6.040493488311768,False,0,0,0,0,0,0,0,0
2025-01-25 21:11:05,34,0.8017123361851307,0.8596241474151611,90.63157894736842,7.5666354912888e-05,30.655739068984985,6.040493488311768,True,0,0,0,0,0,0,0,0
2025-01-25 21:11:36,35,0.7960723580198085,0.8520470897356669,90.69736842105263,7.818278106891799e-05,30.668631076812744,6.040493488311768,True,0,0,0,0,0,0,0,0
2025-01-25 21:12:07,36,0.7900825246851495,0.8471150477727254,91.05263157894737,8.060064477151898e-05,30.66166067123413,6.040493488311768,True,0,0,0,0,0,0,0,0
2025-01-25 21:12:37,37,0.7858234035207871,0.8608310063680013,90.57894736842105,8.29108442152732e-05,30.66931462287903,6.040493488311768,False,0,0,0,0,0,0,0,0
2025-01-25 21:13:08,38,0.7807997673115832,0.8557979146639506,90.82894736842105,8.510468288606751e-05,30.646785259246826,6.040493488311768,False,0,0,0,0,0,0,0,0
2025-01-25 21:13:39,39,0.7745900968287853,0.8612144192059835,90.94736842105263,8.717390229824861e-05,30.666279792785645,6.040493488311768,False,0,0,0,0,0,0,0,0
2025-01-25 21:14:09,40,0.7721625391473161,0.8429517110188802,91.07894736842105,8.911071308286407e-05,30.6536922454834,6.040493488311768,True,0,0,0,0,0,0,0,0
2025-01-25 21:14:40,41,0.7656005511892603,0.8597663919130961,90.77631578947368,9.090782430996042e-05,30.651341438293457,6.040493488311768,False,0,0,0,0,0,0,0,0
2025-01-25 21:15:11,42,0.7616853967626044,0.8412608663241069,91.26315789473684,9.255847093455789e-05,30.64289116859436,6.040493488311768,True,0,0,0,0,0,0,0,0
2025-01-25 21:15:41,43,0.7586404460541746,0.8474132617314657,91.02631578947368,9.405643926298365e-05,30.6663601398468,6.040493488311768,False,0,0,0,0,0,0,0,0
2025-01-25 21:16:12,44,0.7529353778413002,0.8352796713511149,91.40789473684211,9.539609034369854e-05,30.608160257339478,6.040493488311768,True,0,0,0,0,0,0,0,0
2025-01-25 21:16:43,45,0.751202088721255,0.8208438754081726,91.55263157894737,9.657238119456453e-05,30.628650426864624,6.040493488311768,True,0,0,0,0,0,0,0,0
2025-01-25 21:17:13,46,0.7452925210303448,0.8378799319267273,91.52631578947368,9.758088378664526e-05,30.586260557174683,6.040493488311768,False,0,0,0,0,0,0,0,0
2025-01-25 21:17:44,47,0.7420107369727277,0.8386018315951029,91.27631578947368,9.841780171307688e-05,30.63321614265442,6.040493488311768,False,0,0,0,0,0,0,0,0
2025-01-25 21:18:14,48,0.7381008302911799,0.8214924971262614,91.5657894736842,9.907998448026091e-05,30.66157078742981,6.040493488311768,True,0,0,0,0,0,0,0,0
2025-01-25 21:18:45,49,0.7358935089821511,0.8322550853093466,91.75,9.956493936758145e-05,30.660510540008545,6.040493488311768,True,0,0,0,0,0,0,0,0
2025-01-25 21:19:16,50,0.7307112019112769,0.8289484103520711,91.53947368421052,9.987084081100195e-05,30.64931559562683,6.040493488311768,False,0,0,0,0,0,0,0,0
2025-01-25 21:19:46,51,0.7278061209840977,0.8239275177319845,91.71052631578948,9.999653727521788e-05,30.620246171951294,6.040493488311768,False,0,0,0,0,0,0,0,0
2025-01-25 21:20:17,52,0.7246780948436007,0.8208836952845255,91.88157894736842,9.999924837732792e-05,30.65383815765381,6.040493488311768,True,0,0,0,0,0,0,0,0
2025-01-25 21:20:48,53,0.7197865087935265,0.8266577204068501,91.80263157894737,9.999621728528788e-05,30.664573907852173,6.040493488311768,False,0,0,0,0,0,0,0,0
2025-01-25 21:21:18,54,0.7168428230792918,0.8227219422658284,91.84210526315789,9.99908623408927e-05,30.625709533691406,6.040493488311768,False,0,0,0,0,0,0,0,0
2025-01-25 21:21:49,55,0.7150125227075942,0.8304429332415263,91.78947368421052,9.998318379304424e-05,30.63504648208618,6.040493488311768,False,0,0,0,0,0,0,0,0
2025-01-25 21:22:20,56,0.7110106549364456,0.8340764125188191,91.82894736842105,9.997318199864719e-05,30.583763599395752,6.040493488311768,False,0,0,0,0,0,0,0,0
2025-01-25 21:22:50,57,0.7077124796015151,0.8406908631324768,91.9342105263158,9.99608574225924e-05,30.65470552444458,6.040493488311768,True,0,0,0,0,0,0,0,0
2025-01-25 21:23:21,58,0.7050229156270941,0.8330657800038656,91.8157894736842,9.994621063773544e-05,30.64081120491028,6.040493488311768,False,0,0,0,0,0,0,0,0
2025-01-25 21:23:52,59,0.7024500638880629,0.8272449851036072,91.80263157894737,9.992924232486982e-05,30.626198530197144,6.040493488311768,False,0,0,0,0,0,0,0,0
2025-01-25 21:24:22,60,0.6999163406960508,0.8450425863265991,91.52631578947368,9.990995327269546e-05,30.59596538543701,6.040493488311768,False,0,0,0,0,0,0,0,0
2025-01-25 21:24:53,61,0.6987983477876542,0.8411101698875427,91.82894736842105,9.988834437778195e-05,30.6389901638031,6.040493488311768,False,0,0,0,0,0,0,0,0
2025-01-25 21:25:23,62,0.6946296339339398,0.8263079206148783,91.94736842105263,9.986441664452691e-05,30.643234968185425,6.040493488311768,True,0,0,0,0,0,0,0,0
2025-01-25 21:25:54,63,0.6913598966091237,0.8365461150805156,91.73684210526316,9.983817118510933e-05,30.62383246421814,6.040493488311768,False,0,0,0,0,0,0,0,0
2025-01-25 21:26:25,64,0.6904927180168476,0.8329029520352681,92.0657894736842,9.980960921943786e-05,30.61159658432007,6.040493488311768,True,0,0,0,0,0,0,0,0
2025-01-25 21:26:56,65,0.6893150504599226,0.8318314512570699,92.11842105263158,9.977873207509402e-05,30.61812973022461,6.040493488311768,True,0,0,0,0,0,0,0,0
2025-01-25 21:27:26,66,0.6852703847783677,0.842386786142985,91.42105263157895,9.974554118727066e-05,30.618740558624268,6.040493488311768,False,0,0,0,0,0,0,0,0
2025-01-25 21:27:57,67,0.6841943532862562,0.8283541321754455,91.73684210526316,9.97100380987051e-05,30.65850591659546,6.040493488311768,False,0,0,0,0,0,0,0,0
2025-01-25 21:28:28,68,0.6820352206838892,0.8341569900512695,91.97368421052632,9.967222445960752e-05,30.59085750579834,6.040493488311768,False,0,0,0,0,0,0,0,0
2025-01-25 21:28:58,69,0.6792299826094444,0.8363645593325297,92.02631578947368,9.96321020275842e-05,30.63034152984619,6.040493488311768,False,0,0,0,0,0,0,0,0
2025-01-25 21:29:29,70,0.675981706000389,0.8418229420979818,92.09210526315789,9.958967266755586e-05,30.59973168373108,6.040493488311768,False,0,0,0,0,0,0,0,0
2025-01-25 21:30:00,71,0.6762167228029129,0.8384665409723918,91.78947368421052,9.954493835167095e-05,30.627027988433838,6.040493488311768,False,0,0,0,0,0,0,0,0
2025-01-25 21:30:30,72,0.6725199060237154,0.8471995949745178,91.25,9.949790115921398e-05,30.654069900512695,6.040493488311768,False,0,0,0,0,0,0,0,0
2025-01-25 21:31:01,73,0.671244555331291,0.8521534562110901,91.69736842105263,9.944856327650895e-05,30.63378643989563,6.040493488311768,False,0,0,0,0,0,0,0,0
2025-01-25 21:31:32,74,0.6695050505881613,0.8530211170514425,91.64473684210526,9.939692699681759e-05,30.64157223701477,6.040493488311768,False,0,0,0,0,0,0,0,0
2025-01-25 21:32:02,75,0.6676523690528058,0.8442648887634278,91.97368421052632,9.934299472023291e-05,30.579458951950073,6.040493488311768,False,0,0,0,0,0,0,0,0
2025-01-25 21:32:33,76,0.6666577922536971,0.8537881930669149,91.78947368421052,9.928676895356753e-05,30.623342275619507,6.040493488311768,False,0,0,0,0,0,0,0,0
2025-01-25 21:33:03,77,0.663962658922723,0.8612053513526916,91.67105263157895,9.922825231023722e-05,30.63617706298828,6.040493488311768,False,0,0,0,0,0,0,0,0
2025-01-25 21:33:34,78,0.6633374533754715,0.8559791922569275,91.6842105263158,9.916744751013943e-05,30.620702743530273,6.040493488311768,False,0,0,0,0,0,0,0,0
2025-01-25 21:34:05,79,0.6608880147020868,0.8723151683807373,91.32894736842105,9.910435737952684e-05,30.610645294189453,6.040493488311768,False,0,0,0,0,0,0,0,0
2025-01-25 21:34:35,80,0.6612393752057502,0.849991770585378,91.21052631578948,9.903898485087599e-05,30.584208011627197,6.040493488311768,False,0,0,0,0,0,0,0,0
2025-01-25 21:35:06,81,0.6573414751823913,0.8608762502670289,91.86842105263158,9.897133296275105e-05,30.62775993347168,6.040493488311768,False,0,0,0,0,0,0,0,0
2025-01-25 21:35:36,82,0.6577703701688888,0.863422445456187,91.72368421052632,9.890140485966246e-05,30.6490216255188,6.040493488311768,False,0,0,0,0,0,0,0,0
2025-01-25 21:36:07,83,0.6557037099878839,0.8801896850268046,91.5,9.882920379192085e-05,30.621809244155884,6.040493488311768,False,0,0,0,0,0,0,0,0
2025-01-25 21:36:38,84,0.6546779645250199,0.8525518337885539,91.71052631578948,9.875473311548596e-05,30.632112503051758,6.040493488311768,False,0,0,0,0,0,0,0,0
2025-01-25 21:37:08,85,0.651728941024618,0.8659049868583679,91.55263157894737,9.867799629181069e-05,30.621897220611572,6.040493488311768,False,0,0,0,0,0,0,0,0
2025-01-25 21:37:39,86,0.6514559106623873,0.86570831934611,91.71052631578948,9.859899688768006e-05,30.60274648666382,6.040493488311768,False,0,0,0,0,0,0,0,0
2025-01-25 21:38:10,87,0.650253877994862,0.8601666569709778,91.73684210526316,9.851773857504562e-05,30.589296102523804,6.040493488311768,False,0,0,0,0,0,0,0,0
2025-01-25 21:38:40,88,0.6489918346100665,0.8739479780197144,91.63157894736842,9.843422513085465e-05,30.57948327064514,6.040493488311768,False,0,0,0,0,0,0,0,0
2025-01-25 21:39:11,89,0.649496362057138,0.8565314451853434,91.34210526315789,9.834846043687461e-05,30.62125849723816,6.040493488311768,False,0,0,0,0,0,0,0,0
2025-01-25 21:39:41,90,0.6464354717985112,0.8756284236907959,91.3157894736842,9.826044847951276e-05,30.590356588363647,6.040493488311768,False,0,0,0,0,0,0,0,0
2025-01-25 21:40:12,91,0.6453551726138338,0.8900150855382284,91.30263157894737,9.817019334963084e-05,30.58921456336975,6.040493488311768,False,0,0,0,0,0,0,0,0
2025-01-25 21:40:43,92,0.6437058169791039,0.8711672941843669,91.3157894736842,9.807769924235493e-05,30.583273887634277,6.040493488311768,False,0,0,0,0,0,0,0,0
2025-01-25 21:41:13,93,0.6437154054641724,0.8768920103708903,91.57894736842105,9.798297045688048e-05,30.591436624526978,6.040493488311768,False,0,0,0,0,0,0,0,0
2025-01-25 21:41:44,94,0.6430137230994853,0.8731017867724101,91.67105263157895,9.78860113962724e-05,30.578996658325195,6.040493488311768,False,0,0,0,0,0,0,0,0
2025-01-25 21:42:14,95,0.641779938657233,0.8760648012161255,91.42105263157895,9.778682656726053e-05,30.617531776428223,6.040493488311768,False,0,0,0,0,0,0,0,0
2025-01-25 21:42:45,96,0.6406964575990718,0.8766505559285481,91.60526315789474,9.768542058003006e-05,30.661375284194946,6.040493488311768,False,0,0,0,0,0,0,0,0
2025-01-25 21:43:16,97,0.6398305375525292,0.8731149156888326,91.65789473684211,9.758179814800727e-05,30.620046138763428,6.040493488311768,False,0,0,0,0,0,0,0,0
2025-01-25 21:43:46,98,0.6390211805384209,0.8894910415013632,91.34210526315789,9.747596408764046e-05,30.593544721603394,6.040493488311768,False,0,0,0,0,0,0,0,0
2025-01-25 21:44:17,99,0.6385357509268091,0.8878646572430928,91.42105263157895,9.736792331817608e-05,30.62909746170044,6.040493488311768,False,0,0,0,0,0,0,0,0
2025-01-25 21:44:48,100,0.6367799495128875,0.8756529529889424,91.42105263157895,9.725768086143008e-05,30.586058378219604,6.040493488311768,False,0,0,0,0,0,0,0,0
2025-01-25 21:45:18,101,0.635561201673873,0.8859479626019796,91.5657894736842,9.714524184155448e-05,30.588489294052124,6.040493488311768,False,0,0,0,0,0,0,0,0
2025-01-25 21:45:49,102,0.6351765521029209,0.8903307517369589,91.28947368421052,9.703061148479917e-05,30.558701276779175,6.040493488311768,False,0,0,0,0,0,0,0,0
2025-01-25 21:46:19,103,0.6343577577712688,0.8894161144892375,91.51315789473684,9.691379511926905e-05,30.617995023727417,6.040493488311768,False,0,0,0,0,0,0,0,0
2025-01-25 21:46:50,104,0.634691243476056,0.9042906443277995,91.34210526315789,9.679479817467637e-05,30.61181879043579,6.040493488311768,False,0,0,0,0,0,0,0,0
2025-01-25 21:47:21,105,0.6331346902441471,0.8947019735972087,91.23684210526316,9.667362618208829e-05,30.601930141448975,6.040493488311768,False,0,0,0,0,0,0,0,0
2025-01-25 21:47:51,106,0.6324294445362497,0.8910315076510111,91.3157894736842,9.655028477366984e-05,30.5930335521698,6.040493488311768,False,0,0,0,0,0,0,0,0
2025-01-25 21:48:22,107,0.6315381717174611,0.8920616666475932,91.32894736842105,9.642477968242212e-05,30.607502460479736,6.040493488311768,False,0,0,0,0,0,0,0,0
2025-01-25 21:48:52,108,0.6306698890442544,0.8933203299840291,91.5,9.629711674191585e-05,30.62082839012146,6.040493488311768,False,0,0,0,0,0,0,0,0
2025-01-25 21:49:23,109,0.629729172016712,0.8979366699854533,91.48684210526316,9.616730188602019e-05,30.575056552886963,6.040493488311768,False,0,0,0,0,0,0,0,0
2025-01-25 21:49:54,110,0.6303273966971864,0.9036994735399883,91.05263157894737,9.603534114862691e-05,30.59564232826233,6.040493488311768,False,0,0,0,0,0,0,0,0
2025-01-25 21:50:24,111,0.6284417898096937,0.9077322244644165,91.11842105263158,9.590124066337001e-05,30.61892819404602,6.040493488311768,False,0,0,0,0,0,0,0,0
2025-01-25 21:50:55,112,0.6290761486012885,0.8891604463259379,91.39473684210526,9.576500666334056e-05,30.582526445388794,6.040493488311768,False,0,0,0,0,0,0,0,0
2025-01-25 21:51:25,113,0.6275412884164364,0.9017075300216675,91.44736842105263,9.562664548079697e-05,30.576996326446533,6.040493488311768,False,0,0,0,0,0,0,0,0
2025-01-25 21:51:56,114,0.6274460100113077,0.9138816316922506,91.28947368421052,9.548616354687071e-05,30.567708492279053,6.040493488311768,False,0,0,0,0,0,0,0,0
2025-01-25 21:52:27,115,0.627002456340384,0.9038762847582499,91.55263157894737,9.534356739126736e-05,30.597386360168457,6.040493488311768,False,0,0,0,0,0,0,0,0
2025-01-25 21:52:57,116,0.6255876492946706,0.9020577192306518,91.46052631578948,9.519886364196311e-05,30.552664041519165,6.040493488311768,False,0,0,0,0,0,0,0,0
2025-01-25 21:53:28,117,0.6251497621231891,0.9128732840220134,90.89473684210526,9.505205902489668e-05,30.670502185821533,6.040493488311768,False,0,0,0,0,0,0,0,0
2025-01-25 21:53:58,118,0.6242365365332746,0.9004682501157125,91.59210526315789,9.49031603636567e-05,30.593758821487427,6.040493488311768,False,0,0,0,0,0,0,0,0
2025-01-25 21:54:29,119,0.6238967106697407,0.9115637342135111,91.44736842105263,9.475217457916454e-05,30.623642444610596,6.040493488311768,False,0,0,0,0,0,0,0,0
2025-01-25 21:55:00,120,0.6238227415592112,0.9195172429084778,91.13157894736842,9.459910868935262e-05,30.626607418060303,6.040493488311768,False,0,0,0,0,0,0,0,0
2025-01-25 21:55:30,121,0.6235289548305755,0.9038279414176941,91.64473684210526,9.444396980883823e-05,30.615347146987915,6.040493488311768,False,0,0,0,0,0,0,0,0
2025-01-25 21:56:01,122,0.6228022111223099,0.9033576409022014,91.01315789473684,9.428676514859284e-05,30.628044843673706,6.040493488311768,False,0,0,0,0,0,0,0,0
2025-01-25 21:56:31,123,0.6227944153420468,0.897579288482666,91.34210526315789,9.412750201560683e-05,30.60165023803711,6.040493488311768,False,0,0,0,0,0,0,0,0
2025-01-25 21:57:02,124,0.6218779249394194,0.9001052498817443,91.47368421052632,9.396618781255003e-05,30.59399724006653,6.040493488311768,False,0,0,0,0,0,0,0,0
2025-01-25 21:57:33,125,0.621794992051226,0.9160653352737427,91.35526315789474,9.380283003742747e-05,30.588037252426147,6.040493488311768,False,0,0,0,0,0,0,0,0
2025-01-25 21:58:03,126,0.6211015204165844,0.9117114742596945,91.15789473684211,9.363743628323099e-05,30.603853464126587,6.040493488311768,False,0,0,0,0,0,0,0,0
2025-01-25 21:58:34,127,0.6206275605140849,0.9123032569885254,91.23684210526316,9.347001423758623e-05,30.58154034614563,6.040493488311768,False,0,0,0,0,0,0,0,0
2025-01-25 21:59:04,128,0.6199763949881208,0.9213727792104085,91.05263157894737,9.33005716823954e-05,30.64471459388733,6.040493488311768,False,0,0,0,0,0,0,0,0
2025-01-25 21:59:35,129,0.6198213445379379,0.903296172618866,91.63157894736842,9.31291164934754e-05,30.608845233917236,6.040493488311768,False,0,0,0,0,0,0,0,0
2025-01-25 22:00:06,130,0.6197970273646902,0.9116491397221883,91.5657894736842,9.295565664019195e-05,30.59514093399048,6.040493488311768,False,0,0,0,0,0,0,0,0
2025-01-25 22:00:36,131,0.6197197472795527,0.9186315139134725,91.46052631578948,9.278020018508903e-05,30.591822147369385,6.040493488311768,False,0,0,0,0,0,0,0,0
2025-01-25 22:01:07,132,0.6174321719940673,0.9309714516003926,91.25,9.260275528351419e-05,30.598702907562256,6.040493488311768,False,0,0,0,0,0,0,0,0
2025-01-25 22:01:38,133,0.6184889341922517,0.9168019811312358,91.61842105263158,9.242333018323944e-05,30.65061330795288,6.040493488311768,False,0,0,0,0,0,0,0,0
2025-01-25 22:02:08,134,0.61815601866296,0.9080703775087993,91.76315789473684,9.22419332240779e-05,30.613579988479614,6.040493488311768,False,0,0,0,0,0,0,0,0
2025-01-25 22:02:39,135,0.61715955176252,0.9292290409406027,91.4342105263158,9.20585728374962e-05,30.69270610809326,6.040493488311768,False,0,0,0,0,0,0,0,0
2025-01-25 22:03:10,136,0.6169059274044443,0.9154467940330505,91.76315789473684,9.187325754622254e-05,30.680037260055542,6.040493488311768,False,0,0,0,0,0,0,0,0
2025-01-25 22:03:40,137,0.6166779223908769,0.9110488573710124,91.52631578947368,9.168599596385056e-05,30.629409790039062,6.040493488311768,False,0,0,0,0,0,0,0,0
2025-01-25 22:04:11,138,0.6172520201256935,0.9189246376355489,91.34210526315789,9.149679679443895e-05,30.600746393203735,6.040493488311768,False,0,0,0,0,0,0,0,0
2025-01-25 22:04:41,139,0.6177119338766057,0.9174020687739054,91.35526315789474,9.130566883210691e-05,30.586217641830444,6.040493488311768,False,0,0,0,0,0,0,0,0
2025-01-25 22:05:12,140,0.6157237042772009,0.912994368871053,91.64473684210526,9.111262096062537e-05,30.566850423812866,6.040493488311768,False,0,0,0,0,0,0,0,0
2025-01-25 22:05:43,141,0.6156423771635015,0.9275240699450175,91.35526315789474,9.091766215300408e-05,30.645630598068237,6.040493488311768,False,0,0,0,0,0,0,0,0
2025-01-25 22:06:13,142,0.6161387732688417,0.9245400547981262,91.17105263157895,9.072080147107458e-05,30.56246256828308,6.040493488311768,False,0,0,0,0,0,0,0,0
2025-01-25 22:06:44,143,0.6161484954204965,0.9203193028767903,91.26315789473684,9.052204806506885e-05,30.6108660697937,6.040493488311768,False,0,0,0,0,0,0,0,0
2025-01-25 22:07:14,144,0.6152990987960328,0.9193505485852559,91.44736842105263,9.032141117319421e-05,30.60429286956787,6.040493488311768,False,0,0,0,0,0,0,0,0
2025-01-25 22:07:45,145,0.61511434722454,0.9093684792518616,91.85526315789474,9.011890012120376e-05,30.609704732894897,6.040493488311768,False,0,0,0,0,0,0,0,0
2025-01-25 22:08:16,146,0.6148114100415656,0.9044819037119548,91.8157894736842,8.991452432196297e-05,30.572930812835693,6.040493488311768,False,0,0,0,0,0,0,0,0
2025-01-25 22:08:46,147,0.6136529222447822,0.9245667060216268,90.90789473684211,8.970829327501217e-05,30.643917322158813,6.040493488311768,False,0,0,0,0,0,0,0,0
2025-01-25 22:09:17,148,0.6137807427568639,0.9238739212354025,91.5657894736842,8.9500216566125e-05,30.646783351898193,6.040493488311768,False,0,0,0,0,0,0,0,0
2025-01-25 22:09:48,149,0.6137680563520878,0.9330855528513591,91.46052631578948,8.929030386686283e-05,30.625741720199585,6.040493488311768,False,0,0,0,0,0,0,0,0
2025-01-25 22:10:18,150,0.61390124990585,0.913000496228536,91.71052631578948,8.907856493412525e-05,30.569166898727417,6.040493488311768,False,0,0,0,0,0,0,0,0
2025-01-25 22:10:49,151,0.6138351065047244,0.9236430565516154,91.55263157894737,8.886500960969655e-05,30.59412670135498,6.040493488311768,False,0,0,0,0,0,0,0,0
2025-01-25 22:11:19,152,0.61352057710607,0.9181758443514506,91.59210526315789,8.864964781978828e-05,30.619202852249146,6.040493488311768,False,0,0,0,0,0,0,0,0
2025-01-25 22:11:50,153,0.6133626996202671,0.9177132487297058,91.51315789473684,8.843248957457784e-05,30.58376955986023,6.040493488311768,False,0,0,0,0,0,0,0,0
2025-01-25 22:12:21,154,0.6129202261884161,0.9417677442232768,91.3157894736842,8.821354496774323e-05,30.60291028022766,6.040493488311768,False,0,0,0,0,0,0,0,0
2025-01-25 22:12:51,155,0.6125871282942752,0.9473203698794047,90.44736842105263,8.799282417599386e-05,30.600651502609253,6.040493488311768,False,0,0,0,0,0,0,0,0
2025-01-25 22:13:22,156,0.6124777821784324,0.9213628689448039,91.39473684210526,8.777033745859756e-05,30.675500869750977,6.040493488311768,False,0,0,0,0,0,0,0,0
2025-01-25 22:13:53,157,0.6123556431303633,0.9320603609085083,91.36842105263158,8.754609515690371e-05,30.65385866165161,6.040493488311768,False,0,0,0,0,0,0,0,0
2025-01-25 22:14:23,158,0.6129478360744233,0.9190858165423076,91.4342105263158,8.73201076938626e-05,30.5788254737854,6.040493488311768,False,0,0,0,0,0,0,0,0
2025-01-25 22:14:54,159,0.6117883466659708,0.9250045776367187,91.6842105263158,8.709238557354081e-05,30.584810972213745,6.040493488311768,False,0,0,0,0,0,0,0,0
2025-01-25 22:15:24,160,0.6105670434363345,0.9299514452616374,91.4342105263158,8.686293938063325e-05,30.600061178207397,6.040493488311768,False,0,0,0,0,0,0,0,0
2025-01-25 22:15:55,161,0.6111026550861115,0.9283873558044433,91.30263157894737,8.663177977997088e-05,30.608498573303223,6.040493488311768,False,0,0,0,0,0,0,0,0
2025-01-25 22:16:26,162,0.61111997644952,0.9251884579658508,91.53947368421052,8.639891751602521e-05,30.613651752471924,6.040493488311768,False,0,0,0,0,0,0,0,0
2025-01-25 22:16:56,163,0.6104914396367175,0.9253837943077088,91.5,8.616436341240879e-05,30.615123510360718,6.040493488311768,False,0,0,0,0,0,0,0,0
2025-01-25 22:17:27,164,0.6111289290671653,0.9202562729517619,91.67105263157895,8.592812837137217e-05,30.618059158325195,6.040493488311768,False,0,0,0,0,0,0,0,0
2025-01-25 22:17:57,165,0.6105981225663043,0.9246345480283101,91.39473684210526,8.56902233732971e-05,30.641407012939453,6.040493488311768,False,0,0,0,0,0,0,0,0
2025-01-25 22:18:28,166,0.6100426359379545,0.9274027069409688,91.75,8.545065947618619e-05,30.61673855781555,6.040493488311768,False,0,0,0,0,0,0,0,0
2025-01-25 22:18:59,167,0.6101378595575373,0.9325613896052043,91.27631578947368,8.520944781514895e-05,30.551818132400513,6.040493488311768,False,0,0,0,0,0,0,0,0
2025-01-25 22:19:29,168,0.6097196535861239,0.9180385112762451,91.75,8.496659960188416e-05,30.584224224090576,6.040493488311768,False,0,0,0,0,0,0,0,0
2025-01-25 22:20:00,169,0.6088006209819875,0.9412239631017049,91.27631578947368,8.472212612415878e-05,30.58626627922058,6.040493488311768,False,0,0,0,0,0,0,0,0
2025-01-25 22:20:30,170,0.6089907022232705,0.9245213508605957,91.84210526315789,8.447603874528332e-05,30.606976985931396,6.040493488311768,False,0,0,0,0,0,0,0,0
2025-01-25 22:21:01,171,0.6083077334343119,0.9205942630767823,91.75,8.422834890358354e-05,30.590848207473755,6.040493488311768,False,0,0,0,0,0,0,0,0
2025-01-25 22:21:32,172,0.6093250617067865,0.9266352534294129,91.32894736842105,8.397906811186896e-05,30.618951082229614,6.040493488311768,False,0,0,0,0,0,0,0,0
2025-01-25 22:22:02,173,0.6090566815213955,0.938388200600942,91.34210526315789,8.372820795689759e-05,30.61759924888611,6.040493488311768,False,0,0,0,0,0,0,0,0
2025-01-25 22:22:33,174,0.6091548719304674,0.9391690095265707,90.96052631578948,8.347578009883747e-05,30.600826025009155,6.040493488311768,False,0,0,0,0,0,0,0,0
2025-01-25 22:23:03,175,0.6099328857787112,0.9352607329686483,91.40789473684211,8.322179627072463e-05,30.564741849899292,6.040493488311768,False,0,0,0,0,0,0,0,0
2025-01-25 22:23:34,176,0.6085756522543887,0.9323331276575725,91.59210526315789,8.296626827791775e-05,30.63181781768799,6.040493488311768,False,0,0,0,0,0,0,0,0
2025-01-25 22:24:05,177,0.608337545902171,0.9355826497077941,91.15789473684211,8.270920799754947e-05,30.593456745147705,6.040493488311768,False,0,0,0,0,0,0,0,0
2025-01-25 22:24:35,178,0.6084928258936456,0.9361180822054546,91.22368421052632,8.245062737797428e-05,30.60004472732544,6.040493488311768,False,0,0,0,0,0,0,0,0
2025-01-25 22:25:06,179,0.6078600536001489,0.943692155679067,91.07894736842105,8.219053843821318e-05,30.57517147064209,6.040493488311768,False,0,0,0,0,0,0,0,0
2025-01-25 22:25:36,180,0.6077035777112271,0.9286895871162415,91.39473684210526,8.192895326739503e-05,30.57986330986023,6.040493488311768,False,0,0,0,0,0,0,0,0
2025-01-25 22:26:07,181,0.6077714311315658,0.9301224946975708,91.55263157894737,8.16658840241946e-05,30.571905851364136,6.040493488311768,False,0,0,0,0,0,0,0,0
2025-01-25 22:26:38,182,0.6081555670880257,0.9250952363014221,91.77631578947368,8.14013429362675e-05,30.582317113876343,6.040493488311768,False,0,0,0,0,0,0,0,0
2025-01-25 22:27:08,183,0.6080217363986563,0.9299561301867167,91.65789473684211,8.113534229968178e-05,30.60705018043518,6.040493488311768,False,0,0,0,0,0,0,0,0
2025-01-25 22:27:39,184,0.6071845125644765,0.9324494997660319,91.52631578947368,8.08678944783464e-05,30.60970377922058,6.040493488311768,False,0,0,0,0,0,0,0,0
2025-01-25 22:28:09,185,0.6071877821962884,0.9353103200594585,91.44736842105263,8.059901190343652e-05,30.596503734588623,6.040493488311768,False,0,0,0,0,0,0,0,0
2025-01-25 22:28:40,186,0.6062997901693303,0.9498969713846842,91.13157894736842,8.032870707281576e-05,30.597968816757202,6.040493488311768,False,0,0,0,0,0,0,0,0
2025-01-25 22:29:11,187,0.6078726857266528,0.9318284273147583,91.5657894736842,8.005699255045526e-05,30.53613305091858,6.040493488311768,False,0,0,0,0,0,0,0,0
2025-01-25 22:29:41,188,0.6071431996974539,0.9319233338038126,91.36842105263158,7.978388096584963e-05,30.644318103790283,6.040493488311768,False,0,0,0,0,0,0,0,0
2025-01-25 22:30:12,189,0.6069170954379629,0.9390202919642131,91.38157894736842,7.950938501343003e-05,30.58637499809265,6.040493488311768,False,0,0,0,0,0,0,0,0
2025-01-25 22:30:42,190,0.6070596755819118,0.9314755360285442,91.53947368421052,7.923351745197407e-05,30.595587015151978,6.040493488311768,False,0,0,0,0,0,0,0,0
2025-01-25 22:31:13,191,0.6069043443558064,0.9418879866600036,91.17105263157895,7.895629110401276e-05,30.627983331680298,6.040493488311768,False,0,0,0,0,0,0,0,0
2025-01-25 22:31:44,192,0.6062548061634632,0.9549046993255615,91.35526315789474,7.867771885523454e-05,30.55652952194214,6.040493488311768,False,0,0,0,0,0,0,0,0
2025-01-25 22:32:14,193,0.6064513967392292,0.9420547008514404,91.64473684210526,7.839781365388631e-05,30.588621139526367,6.040493488311768,False,0,0,0,0,0,0,0,0
2025-01-25 22:32:45,194,0.6059645219052091,0.9391430536905925,91.47368421052632,7.811658851017163e-05,30.566965341567993,6.040493488311768,False,0,0,0,0,0,0,0,0
2025-01-25 22:33:15,195,0.6062207480694385,0.9380737980206807,91.35526315789474,7.783405649564593e-05,30.582714319229126,6.040493488311768,False,0,0,0,0,0,0,0,0
2025-01-25 22:33:46,196,0.6059636595401358,0.9363866567611694,91.6842105263158,7.755023074260906e-05,30.59940481185913,6.040493488311768,False,0,0,0,0,0,0,0,0
2025-01-25 22:34:17,197,0.6058331758417982,0.9359498977661133,91.51315789473684,7.726512444349467e-05,30.56185817718506,6.040493488311768,False,0,0,0,0,0,0,0,0
2025-01-25 22:34:47,198,0.6060493258719749,0.9492455800374349,91.25,7.697875085025729e-05,30.586528062820435,6.040493488311768,False,0,0,0,0,0,0,0,0
2025-01-25 22:35:18,199,0.6062492081459533,0.9448497335116068,91.28947368421052,7.669112327375611e-05,30.610347270965576,6.040493488311768,False,0,0,0,0,0,0,0,0
2025-01-25 22:35:48,200,0.6061465818831261,0.93537677526474,91.40789473684211,7.640225508313652e-05,30.594284772872925,6.040493488311768,False,0,0,0,0,0,0,0,0
2025-01-25 22:36:19,201,0.6057448709264714,0.9347936391830445,91.85526315789474,7.61121597052085e-05,30.556989669799805,6.040493488311768,False,0,0,0,0,0,0,0,0
2025-01-25 22:36:50,202,0.6053397835569179,0.9440650701522827,91.35526315789474,7.582085062382262e-05,30.588695526123047,6.040493488311768,False,0,0,0,0,0,0,0,0
2025-01-25 22:37:20,203,0.6051984089486142,0.9260857144991557,91.77631578947368,7.552834137924335e-05,30.624282598495483,6.040493488311768,False,0,0,0,0,0,0,0,0
2025-01-25 22:37:51,204,0.605248759908879,0.9403124332427979,91.82894736842105,7.52346455675196e-05,30.557711362838745,6.040493488311768,False,0,0,0,0,0,0,0,0
2025-01-25 22:38:21,205,0.6054645647393896,0.9331841945648194,91.72368421052632,7.493977683985282e-05,30.612820386886597,6.040493488311768,False,0,0,0,0,0,0,0,0
2025-01-25 22:38:52,206,0.605100375540713,0.9351697405179341,91.84210526315789,7.464374890196248e-05,30.653870344161987,6.040493488311768,False,0,0,0,0,0,0,0,0
2025-01-25 22:39:23,207,0.6050117989803883,0.9367950558662415,91.52631578947368,7.4346575513449e-05,30.568800449371338,6.040493488311768,False,0,0,0,0,0,0,0,0
2025-01-25 22:39:53,208,0.6043863288899686,0.9430175145467122,91.73684210526316,7.404827048715419e-05,30.647228956222534,6.040493488311768,False,0,0,0,0,0,0,0,0
2025-01-25 22:40:24,209,0.6053893834986586,0.93219473361969,91.76315789473684,7.374884768851927e-05,30.560138702392578,6.040493488311768,False,0,0,0,0,0,0,0,0
2025-01-25 22:40:54,210,0.6046747369969144,0.9374139030774434,91.80263157894737,7.344832103494035e-05,30.60542368888855,6.040493488311768,False,0,0,0,0,0,0,0,0
2025-01-25 22:41:25,211,0.6051681285208844,0.9307168841361999,91.8157894736842,7.31467044951215e-05,30.557748794555664,6.040493488311768,False,0,0,0,0,0,0,0,0
2025-01-25 22:41:56,212,0.6043240410216311,0.9385271310806275,91.51315789473684,7.284401208842555e-05,30.596176385879517,6.040493488311768,False,0,0,0,0,0,0,0,0
2025-01-25 22:42:26,213,0.6043494721676441,0.9452368100484212,91.38157894736842,7.254025788422246e-05,30.563041925430298,6.040493488311768,False,0,0,0,0,0,0,0,0
2025-01-25 22:42:57,214,0.6043499487511655,0.9190924604733784,91.9342105263158,7.223545600123528e-05,30.5988872051239,6.040493488311768,False,0,0,0,0,0,0,0,0
2025-01-25 22:43:27,215,0.6043834808024954,0.9331698815027872,91.5,7.1929620606884e-05,30.60538625717163,6.040493488311768,False,0,0,0,0,0,0,0,0
2025-01-25 22:43:58,216,0.6043497415299112,0.9387354493141175,91.39473684210526,7.162276591662694e-05,30.593651294708252,6.040493488311768,False,0,0,0,0,0,0,0,0
2025-01-25 22:44:29,217,0.6039771333653876,0.9483955184618632,91.44736842105263,7.13149061933001e-05,30.576663732528687,6.040493488311768,False,0,0,0,0,0,0,0,0
2025-01-25 22:44:59,218,0.6040499405657992,0.9370315631230672,91.64473684210526,7.100605574645418e-05,30.572139024734497,6.040493488311768,False,0,0,0,0,0,0,0,0
2025-01-25 22:45:30,219,0.6041298407189389,0.9212675253550212,91.75,7.069622893168939e-05,30.600744485855103,6.040493488311768,False,0,0,0,0,0,0,0,0
2025-01-25 22:46:00,220,0.6030584880646239,0.9405251781145731,91.46052631578948,7.038544014998833e-05,30.58576798439026,6.040493488311768,False,0,0,0,0,0,0,0,0
2025-01-25 22:46:31,221,0.6038835449421659,0.9327683726946513,91.69736842105263,7.00737038470465e-05,30.63196563720703,6.040493488311768,False,0,0,0,0,0,0,0,0
2025-01-25 22:47:02,222,0.603325294433756,0.9445255557696025,91.48684210526316,6.97610345126009e-05,30.59475016593933,6.040493488311768,False,0,0,0,0,0,0,0,0
2025-01-25 22:47:32,223,0.6034288875600125,0.9451970219612121,91.47368421052632,6.944744667975654e-05,30.61467742919922,6.040493488311768,False,0,0,0,0,0,0,0,0
2025-01-25 22:48:03,224,0.6029434736738813,0.9525153239568075,91.40789473684211,6.913295492431092e-05,30.600797653198242,6.040493488311768,False,0,0,0,0,0,0,0,0
2025-01-25 22:48:33,225,0.6031718385980485,0.9521705349286397,91.40789473684211,6.881757386407653e-05,30.604898929595947,6.040493488311768,False,0,0,0,0,0,0,0,0
2025-01-25 22:49:04,226,0.6035251206540047,0.9436222116152445,91.4342105263158,6.850131815820146e-05,30.60266351699829,6.040493488311768,False,0,0,0,0,0,0,0,0
2025-01-25 22:49:35,227,0.6030361586428703,0.945028551419576,91.27631578947368,6.818420250648792e-05,30.648870944976807,6.040493488311768,False,0,0,0,0,0,0,0,0
2025-01-25 22:50:05,228,0.6036958364730186,0.9311336596806844,91.84210526315789,6.786624164870908e-05,30.57696557044983,6.040493488311768,False,0,0,0,0,0,0,0,0
2025-01-25 22:50:36,229,0.6034593470553135,0.9513316750526428,91.23684210526316,6.754745036392394e-05,30.625784873962402,6.040493488311768,False,0,0,0,0,0,0,0,0
2025-01-25 22:51:06,230,0.6029135034439411,0.943748966852824,91.55263157894737,6.722784346979034e-05,30.620052576065063,6.040493488311768,False,0,0,0,0,0,0,0,0
2025-01-25 22:51:37,231,0.6029138806018424,0.9338414430618286,91.65789473684211,6.690743582187624e-05,30.58968758583069,6.040493488311768,False,0,0,0,0,0,0,0,0
2025-01-25 22:52:08,232,0.6028952783726631,0.9572834650675456,90.80263157894737,6.658624231296931e-05,30.582998275756836,6.040493488311768,False,0,0,0,0,0,0,0,0
2025-01-25 22:52:38,233,0.6028148189504096,0.9351154526074728,91.76315789473684,6.62642778723845e-05,30.61416220664978,6.040493488311768,False,0,0,0,0,0,0,0,0
2025-01-25 22:53:09,234,0.6025145624546294,0.935722001393636,91.73684210526316,6.594155746527038e-05,30.598546028137207,6.040493488311768,False,0,0,0,0,0,0,0,0
2025-01-25 22:53:40,235,0.6027276914170447,0.9488075812657674,91.40789473684211,6.561809609191334e-05,30.62735891342163,6.040493488311768,False,0,0,0,0,0,0,0,0
2025-01-25 22:54:10,236,0.6024950420602839,0.9448885997136434,91.63157894736842,6.529390878704044e-05,30.606266736984253,6.040493488311768,False,0,0,0,0,0,0,0,0
2025-01-25 22:54:41,237,0.6028271152618083,0.9372845609982808,91.76315789473684,6.496901061912057e-05,30.597676038742065,6.040493488311768,False,0,0,0,0,0,0,0,0
2025-01-25 22:55:11,238,0.6025700766989526,0.9505534569422404,91.46052631578948,6.46434166896641e-05,30.57923150062561,6.040493488311768,False,0,0,0,0,0,0,0,0
2025-01-25 22:55:42,239,0.6024095035613851,0.9334378004074096,91.55263157894737,6.43171421325209e-05,30.601505756378174,6.040493488311768,False,0,0,0,0,0,0,0,0
2025-01-25 22:56:13,240,0.602279241287962,0.9364657799402872,91.60526315789474,6.399020211317693e-05,30.581998586654663,6.040493488311768,False,0,0,0,0,0,0,0,0
2025-01-25 22:56:43,241,0.6018001944460767,0.9451071262359619,91.40789473684211,6.366261182804934e-05,30.5899338722229,6.040493488311768,False,0,0,0,0,0,0,0,0
2025-01-25 22:57:14,242,0.6024037673118267,0.9521374424298604,91.57894736842105,6.333438650378007e-05,30.601439237594604,6.040493488311768,False,0,0,0,0,0,0,0,0
2025-01-25 22:57:44,243,0.6021866838982765,0.9398902614911397,91.78947368421052,6.300554139652823e-05,30.587902069091797,6.040493488311768,False,0,0,0,0,0,0,0,0
2025-01-25 22:58:15,244,0.6015036821365356,0.9409758925437928,91.61842105263158,6.267609179126085e-05,30.61995244026184,6.040493488311768,False,0,0,0,0,0,0,0,0
2025-01-25 22:58:46,245,0.6019134754830219,0.9465324918429057,91.27631578947368,6.234605300104254e-05,30.642837524414062,6.040493488311768,False,0,0,0,0,0,0,0,0
2025-01-25 22:59:16,246,0.601755872178585,0.9431456883748373,91.71052631578948,6.201544036632359e-05,30.612504482269287,6.040493488311768,False,0,0,0,0,0,0,0,0
2025-01-25 22:59:47,247,0.6019656049444321,0.9496901273727417,91.35526315789474,6.168426925422706e-05,30.599661350250244,6.040493488311768,False,0,0,0,0,0,0,0,0
2025-01-25 23:00:17,248,0.6023652287239724,0.9423828562100728,91.75,6.135255505783446e-05,30.590760946273804,6.040493488311768,False,0,0,0,0,0,0,0,0
2025-01-25 23:00:48,249,0.6016664058604139,0.9483378648757934,91.53947368421052,6.1020313195470286e-05,30.582131385803223,6.040493488311768,False,0,0,0,0,0,0,0,0
2025-01-25 23:01:19,250,0.6016793811574895,0.9424479206403097,91.71052631578948,6.068755910998527e-05,30.689922094345093,6.040493488311768,False,0,0,0,0,0,0,0,0
2025-01-25 23:01:49,251,0.6017591897477494,0.9429901202519735,91.39473684210526,6.0354308268038705e-05,30.621751070022583,6.040493488311768,False,0,0,0,0,0,0,0,0
2025-01-25 23:02:20,252,0.6014784409644756,0.9455071846644084,91.82894736842105,6.002057615937951e-05,30.572166442871094,6.040493488311768,False,0,0,0,0,0,0,0,0
2025-01-25 23:02:51,253,0.6019308445301462,0.9450449228286744,91.63157894736842,5.968637829612623e-05,30.59067392349243,6.040493488311768,False,0,0,0,0,0,0,0,0
2025-01-25 23:03:21,254,0.6015258811889811,0.9464014728864034,91.61842105263158,5.935173021204601e-05,30.577950716018677,6.040493488311768,False,0,0,0,0,0,0,0,0
2025-01-25 23:03:52,255,0.6016790324069085,0.9430281400680542,91.5657894736842,5.901664746183262e-05,30.572251796722412,6.040493488311768,False,0,0,0,0,0,0,0,0
2025-01-25 23:04:22,256,0.6007213805584197,0.952861750125885,91.59210526315789,5.868114562038344e-05,30.57927656173706,6.040493488311768,False,0,0,0,0,0,0,0,0
2025-01-25 23:04:53,257,0.6013193330866226,0.9464182813962301,91.59210526315789,5.834524028207552e-05,30.566147804260254,6.040493488311768,False,0,0,0,0,0,0,0,0
2025-01-25 23:05:23,258,0.6014094271558397,0.9513491670290629,91.61842105263158,5.8008947060040726e-05,30.569335460662842,6.040493488311768,False,0,0,0,0,0,0,0,0
2025-01-25 23:05:54,259,0.6004311675721027,0.9424906770388285,91.57894736842105,5.7672281585440084e-05,30.58693528175354,6.040493488311768,False,0,0,0,0,0,0,0,0
2025-01-25 23:06:25,260,0.6010607262875172,0.9457211057345073,91.72368421052632,5.733525950673718e-05,30.589457273483276,6.040493488311768,False,0,0,0,0,0,0,0,0
2025-01-25 23:06:55,261,0.601196094523085,0.9428164601325989,91.63157894736842,5.699789648897081e-05,30.56741452217102,6.040493488311768,False,0,0,0,0,0,0,0,0
2025-01-25 23:07:26,262,0.6010161397304941,0.9466094175974528,91.71052631578948,5.666020821302692e-05,30.582605838775635,6.040493488311768,False,0,0,0,0,0,0,0,0
2025-01-25 23:07:56,263,0.601560600006834,0.9420937895774841,91.5657894736842,5.6322210374909645e-05,30.603960037231445,6.040493488311768,False,0,0,0,0,0,0,0,0
2025-01-25 23:08:27,264,0.6005249299901597,0.9499266703923543,91.38157894736842,5.5983918685011835e-05,30.59821319580078,6.040493488311768,False,0,0,0,0,0,0,0,0
2025-01-25 23:08:58,265,0.6008019498054017,0.9474426825841268,91.75,5.5645348867384796e-05,30.6190288066864,6.040493488311768,False,0,0,0,0,0,0,0,0
2025-01-25 23:09:28,266,0.6009777485056126,0.9336480935414632,91.96052631578948,5.5306516659007415e-05,30.601857662200928,6.040493488311768,False,0,0,0,0,0,0,0,0
2025-01-25 23:09:59,267,0.6004253050114247,0.9464145501454672,91.61842105263158,5.4967437809054646e-05,30.557531356811523,6.040493488311768,False,0,0,0,0,0,0,0,0
2025-01-25 23:10:29,268,0.6007848795424117,0.9348948041598002,91.9342105263158,5.4628128078165626e-05,30.558900594711304,6.040493488311768,False,0,0,0,0,0,0,0,0
2025-01-25 23:11:00,269,0.6002215420946162,0.935521399974823,91.85526315789474,5.4288603237710915e-05,30.625683784484863,6.040493488311768,False,0,0,0,0,0,0,0,0
2025-01-25 23:11:31,270,0.6004929872269326,0.9429404934247335,91.78947368421052,5.3948879069059576e-05,30.577447175979614,6.040493488311768,False,0,0,0,0,0,0,0,0
2025-01-25 23:12:01,271,0.6000688849611485,0.9415401101112366,91.73684210526316,5.360897136284562e-05,30.578183889389038,6.040493488311768,False,0,0,0,0,0,0,0,0
2025-01-25 23:12:32,272,0.6001809640133634,0.9475653886795044,91.61842105263158,5.3268895918233955e-05,30.578638792037964,6.040493488311768,False,0,0,0,0,0,0,0,0
2025-01-25 23:13:02,273,0.600479924171529,0.9485929767290752,91.38157894736842,5.292866854218615e-05,30.5889995098114,6.040493488311768,False,0,0,0,0,0,0,0,0
2025-01-25 23:13:33,274,0.6005528975040355,0.941170350710551,91.84210526315789,5.258830504872563e-05,30.55597424507141,6.040493488311768,False,0,0,0,0,0,0,0,0
2025-01-25 23:14:03,275,0.5995185334631737,0.9373172680536906,91.89473684210526,5.224782125820268e-05,30.544384717941284,6.040493488311768,False,0,0,0,0,0,0,0,0
2025-01-25 23:14:34,276,0.6003260374069214,0.9566125949223836,91.67105263157895,5.1907232996559075e-05,30.583284378051758,6.040493488311768,False,0,0,0,0,0,0,0,0
2025-01-25 23:15:05,277,0.5999812085577783,0.9511813958485921,91.5657894736842,5.1566556094592494e-05,30.58704662322998,6.040493488311768,False,0,0,0,0,0,0,0,0
2025-01-25 23:15:35,278,0.6003387534872014,0.9485572934150696,91.60526315789474,5.122580638722064e-05,30.61126136779785,6.040493488311768,False,0,0,0,0,0,0,0,0
2025-01-25 23:16:06,279,0.5996553030419857,0.939577563603719,91.6842105263158,5.088499971274533e-05,30.54900026321411,6.040493488311768,False,0,0,0,0,0,0,0,0
2025-01-25 23:16:36,280,0.5995980135937955,0.9503769755363465,91.65789473684211,5.0544151912116224e-05,30.545459032058716,6.040493488311768,False,0,0,0,0,0,0,0,0
2025-01-25 23:17:07,281,0.5997854833907269,0.9476641138394674,91.61842105263158,5.020327882819454e-05,30.576101303100586,6.040493488311768,False,0,0,0,0,0,0,0,0
2025-01-25 23:17:38,282,0.6004102963082334,0.9413792729377747,91.73684210526316,4.986239630501673e-05,30.590895175933838,6.040493488311768,False,0,0,0,0,0,0,0,0
2025-01-25 23:18:08,283,0.6000595290610131,0.9513550917307536,91.55263157894737,4.9521520187057955e-05,30.591882467269897,6.040493488311768,False,0,0,0,0,0,0,0,0
2025-01-25 23:18:39,284,0.5998525624579572,0.946601668993632,91.73684210526316,4.918066631849563e-05,30.55091905593872,6.040493488311768,False,0,0,0,0,0,0,0,0
2025-01-25 23:19:09,285,0.5995768843813145,0.9527588248252868,91.76315789473684,4.883985054247308e-05,30.59667134284973,6.040493488311768,False,0,0,0,0,0,0,0,0
2025-01-25 23:19:40,286,0.5996916304243372,0.9487995704015096,91.57894736842105,4.8499088700362963e-05,30.58880591392517,6.040493488311768,False,0,0,0,0,0,0,0,0
2025-01-25 23:20:10,287,0.5999081735915326,0.9477114677429199,91.77631578947368,4.815839663103115e-05,30.562553882598877,6.040493488311768,False,0,0,0,0,0,0,0,0
2025-01-25 23:20:41,288,0.5998808046604724,0.9412879387537638,91.78947368421052,4.781779017010034e-05,30.629090070724487,6.040493488311768,False,0,0,0,0,0,0,0,0
2025-01-25 23:21:12,289,0.5994940841451605,0.9496771057446798,91.63157894736842,4.747728514921412e-05,30.58441662788391,6.040493488311768,False,0,0,0,0,0,0,0,0
2025-01-25 23:21:42,290,0.5998546815933066,0.9464107354482015,91.60526315789474,4.7136897395301065e-05,30.578118324279785,6.040493488311768,False,0,0,0,0,0,0,0,0
2025-01-25 23:22:13,291,0.5995745932802241,0.9446245153745015,91.67105263157895,4.679664272983912e-05,30.609885215759277,6.040493488311768,False,0,0,0,0,0,0,0,0
2025-01-25 23:22:43,292,0.5995342734012198,0.9454837203025818,91.80263157894737,4.645653696812014e-05,30.572609901428223,6.040493488311768,False,0,0,0,0,0,0,0,0
2025-01-25 23:23:14,293,0.5995864538436241,0.9449305256207784,91.60526315789474,4.611659591851482e-05,30.65510129928589,6.040493488311768,False,0,0,0,0,0,0,0,0
2025-01-25 23:23:45,294,0.5989573717117309,0.94231671889623,91.88157894736842,4.577683538173796e-05,30.603121042251587,6.040493488311768,False,0,0,0,0,0,0,0,0
2025-01-25 23:24:15,295,0.5994008662852836,0.9391715923945109,91.85526315789474,4.543727115011391e-05,30.592435359954834,6.040493488311768,False,0,0,0,0,0,0,0,0
2025-01-25 23:24:46,296,0.599509234884952,0.9517465472221375,91.51315789473684,4.509791900684271e-05,30.598636865615845,6.040493488311768,False,0,0,0,0,0,0,0,0
2025-01-25 23:25:16,297,0.5993105589075292,0.9503051201502483,91.75,4.475879472526629e-05,30.576393365859985,6.040493488311768,False,0,0,0,0,0,0,0,0
2025-01-25 23:25:47,298,0.5990630611460259,0.9489137411117554,91.72368421052632,4.4419914068135455e-05,30.567711114883423,6.040493488311768,False,0,0,0,0,0,0,0,0
2025-01-25 23:26:18,299,0.59943543013106,0.9384452899297079,91.88157894736842,4.408129278687709e-05,30.618094205856323,6.040493488311768,False,0,0,0,0,0,0,0,0
2025-01-25 23:26:48,300,0.5992976089741321,0.9321407318115235,91.96052631578948,4.3742946620862204e-05,30.57128095626831,6.040493488311768,False,0,0,0,0,0,0,0,0
2025-01-25 23:27:19,301,0.5989714310524311,0.938071612517039,91.92105263157895,4.340489129667415e-05,30.619316339492798,6.040493488311768,False,0,0,0,0,0,0,0,0
2025-01-25 23:27:49,302,0.599547688250846,0.9447546680768331,91.82894736842105,4.306714252737775e-05,30.576122522354126,6.040493488311768,False,0,0,0,0,0,0,0,0
2025-01-25 23:28:20,303,0.5996105399537593,0.9527369101842245,91.73684210526316,4.272971601178898e-05,30.645272254943848,6.040493488311768,False,0,0,0,0,0,0,0,0
2025-01-25 23:28:51,304,0.5991464982641505,0.9455082496007283,91.6842105263158,4.239262743374513e-05,30.58368444442749,6.040493488311768,False,0,0,0,0,0,0,0,0
2025-01-25 23:29:21,305,0.5988482201353033,0.9429988940556844,91.6842105263158,4.205589246137601e-05,30.574666023254395,6.040493488311768,False,0,0,0,0,0,0,0,0
2025-01-25 23:29:52,306,0.5990832156323372,0.9421610037485758,91.85526315789474,4.171952674637548e-05,30.573660373687744,6.040493488311768,False,0,0,0,0,0,0,0,0
2025-01-25 23:30:23,307,0.5988569908953728,0.9395646572113037,91.85526315789474,4.1383545923274096e-05,30.639758110046387,6.040493488311768,False,0,0,0,0,0,0,0,0
2025-01-25 23:30:53,308,0.5989616018660525,0.9487661679585775,91.53947368421052,4.104796560871231e-05,30.60993480682373,6.040493488311768,False,0,0,0,0,0,0,0,0
2025-01-25 23:31:24,309,0.5990287608288704,0.9432570179303487,91.86842105263158,4.071280140071469e-05,30.621201515197754,6.040493488311768,False,0,0,0,0,0,0,0,0
2025-01-25 23:31:54,310,0.5982287432285065,0.9457839051882426,91.88157894736842,4.0378068877964806e-05,30.599393844604492,6.040493488311768,False,0,0,0,0,0,0,0,0
2025-01-25 23:32:25,311,0.5987374031797369,0.9437727729479471,91.73684210526316,4.004378359908119e-05,30.61113667488098,6.040493488311768,False,0,0,0,0,0,0,0,0
2025-01-25 23:32:56,312,0.5988190293312072,0.9574169953664143,91.57894736842105,3.9709961101894165e-05,30.618722200393677,6.040493488311768,False,0,0,0,0,0,0,0,0
2025-01-25 23:33:26,313,0.5987167208752734,0.9410443425178527,91.97368421052632,3.937661690272358e-05,30.582242488861084,6.040493488311768,False,0,0,0,0,0,0,0,0
2025-01-25 23:33:57,314,0.59892255093189,0.9525111317634583,91.61842105263158,3.904376649565767e-05,30.602179288864136,6.040493488311768,False,0,0,0,0,0,0,0,0
2025-01-25 23:34:27,315,0.5986115344027255,0.9436936338742574,91.84210526315789,3.871142535183281e-05,30.576317071914673,6.040493488311768,False,0,0,0,0,0,0,0,0
2025-01-25 23:34:58,316,0.598900661062687,0.945213007926941,91.77631578947368,3.8379608918714475e-05,30.600757122039795,6.040493488311768,False,0,0,0,0,0,0,0,0
2025-01-25 23:35:29,317,0.5983085249332671,0.9434794863065084,91.9342105263158,3.804833261937913e-05,30.58521294593811,6.040493488311768,False,0,0,0,0,0,0,0,0
2025-01-25 23:35:59,318,0.5984986054136398,0.9459180951118469,91.92105263157895,3.77176118517975e-05,30.566811323165894,6.040493488311768,False,0,0,0,0,0,0,0,0
2025-01-25 23:36:30,319,0.5985777821946652,0.947998853524526,91.55263157894737,3.738746198811873e-05,30.589866876602173,6.040493488311768,False,0,0,0,0,0,0,0,0
2025-01-25 23:37:00,320,0.5981160247579534,0.9425002614657084,92.02631578947368,3.705789837395589e-05,30.58931255340576,6.040493488311768,False,0,0,0,0,0,0,0,0
2025-01-25 23:37:31,321,0.598511105395378,0.9280929724375407,92.19736842105263,3.672893632767281e-05,30.60585045814514,6.040493488311768,True,0,0,0,0,0,0,0,0
2025-01-25 23:38:02,322,0.5985499024391174,0.9356098016103108,91.96052631578948,3.6400591139671946e-05,30.572014331817627,6.040493488311768,False,0,0,0,0,0,0,0,0
2025-01-25 23:38:32,323,0.5984028182131179,0.9446001291275025,92.0,3.607287807168373e-05,30.604284524917603,6.040493488311768,False,0,0,0,0,0,0,0,0
2025-01-25 23:39:03,324,0.5987426412866471,0.9417293667793274,92.01315789473684,3.574581235605716e-05,30.559981107711792,6.040493488311768,False,0,0,0,0,0,0,0,0
2025-01-25 23:39:33,325,0.5985040682427427,0.9467042366663615,91.82894736842105,3.5419409195051874e-05,30.57416844367981,6.040493488311768,False,0,0,0,0,0,0,0,0
2025-01-25 23:40:04,326,0.5981704237613272,0.9638783693313598,91.26315789473684,3.509368376013139e-05,30.575824737548828,6.040493488311768,False,0,0,0,0,0,0,0,0
2025-01-25 23:40:35,327,0.5982160669692019,0.9509661396344503,91.67105263157895,3.476865119125809e-05,30.599229097366333,6.040493488311768,False,0,0,0,0,0,0,0,0
2025-01-25 23:41:05,328,0.5986754719247209,0.9472746888796488,91.72368421052632,3.444432659618937e-05,30.586402416229248,6.040493488311768,False,0,0,0,0,0,0,0,0
2025-01-25 23:41:36,329,0.5982650234344158,0.9496861179669698,91.69736842105263,3.4120725049775446e-05,30.564073085784912,6.040493488311768,False,0,0,0,0,0,0,0,0
2025-01-25 23:42:06,330,0.5983046191803952,0.948610778649648,91.6842105263158,3.3797861593258804e-05,30.5904324054718,6.040493488311768,False,0,0,0,0,0,0,0,0
2025-01-25 23:42:37,331,0.5980650128202235,0.9465675870577495,91.94736842105263,3.347575123357484e-05,30.586961030960083,6.040493488311768,False,0,0,0,0,0,0,0,0
2025-01-25 23:43:07,332,0.5978818198467822,0.94140811363856,92.10526315789474,3.3154408942654514e-05,30.60934805870056,6.040493488311768,False,0,0,0,0,0,0,0,0
2025-01-25 23:43:38,333,0.5980515444532354,0.943251101175944,91.73684210526316,3.283384965672833e-05,30.630242586135864,6.040493488311768,False,0,0,0,0,0,0,0,0
2025-01-25 23:44:09,334,0.5980108821645697,0.9399321715037028,92.09210526315789,3.2514088275632186e-05,30.58172369003296,6.040493488311768,False,0,0,0,0,0,0,0,0
2025-01-25 23:44:39,335,0.5980378701331768,0.9471314509709676,91.8157894736842,3.21951396621147e-05,30.56826686859131,6.040493488311768,False,0,0,0,0,0,0,0,0
2025-01-25 23:45:10,336,0.5980046130241232,0.9463974714279175,91.97368421052632,3.187701864114651e-05,30.60525155067444,6.040493488311768,False,0,0,0,0,0,0,0,0
2025-01-25 23:45:41,337,0.5980760703695581,0.9524208068847656,91.65789473684211,3.155973999923108e-05,30.625100135803223,6.040493488311768,False,0,0,0,0,0,0,0,0
2025-01-25 23:46:11,338,0.5979170842373625,0.9456383585929871,91.97368421052632,3.124331848371747e-05,30.580686807632446,6.040493488311768,False,0,0,0,0,0,0,0,0
2025-01-25 23:46:42,339,0.597461281685119,0.9529117345809937,91.80263157894737,3.0927768802114924e-05,30.614395141601562,6.040493488311768,False,0,0,0,0,0,0,0,0
2025-01-25 23:47:12,340,0.5979937611742222,0.9421408295631408,91.86842105263158,3.06131056214091e-05,30.570496320724487,6.040493488311768,False,0,0,0,0,0,0,0,0
2025-01-25 23:47:43,341,0.5982456980867589,0.9452336311340332,91.73684210526316,3.0299343567380507e-05,30.551411390304565,6.040493488311768,False,0,0,0,0,0,0,0,0
2025-01-25 23:48:13,342,0.5977589140547083,0.9422642668088277,92.0657894736842,2.9986497223924544e-05,30.566377878189087,6.040493488311768,False,0,0,0,0,0,0,0,0
2025-01-25 23:48:44,343,0.5977502310529669,0.9500600139300028,91.71052631578948,2.967458113237377e-05,30.584795236587524,6.040493488311768,False,0,0,0,0,0,0,0,0
2025-01-25 23:49:15,344,0.5975091822603915,0.9449924826622009,92.02631578947368,2.9363609790821868e-05,30.583635091781616,6.040493488311768,False,0,0,0,0,0,0,0,0
2025-01-25 23:49:45,345,0.597444041485482,0.942755150794983,92.02631578947368,2.9053597653449884e-05,30.604053497314453,6.040493488311768,False,0,0,0,0,0,0,0,0
2025-01-25 23:50:16,346,0.5977207881339053,0.9506902019182841,91.98684210526316,2.8744559129854325e-05,30.566405296325684,6.040493488311768,False,0,0,0,0,0,0,0,0
2025-01-25 23:50:46,347,0.5978836531334735,0.9499275724093119,91.88157894736842,2.8436508584377354e-05,30.584641695022583,6.040493488311768,False,0,0,0,0,0,0,0,0
2025-01-25 23:51:17,348,0.5977096524644405,0.951675828297933,91.86842105263158,2.812946033543923e-05,30.590242385864258,6.040493488311768,False,0,0,0,0,0,0,0,0
2025-01-25 23:51:48,349,0.5972548680102572,0.9484812140464782,91.86842105263158,2.782342865487268e-05,30.571342706680298,6.040493488311768,False,0,0,0,0,0,0,0,0
2025-01-25 23:52:18,350,0.5978808118941936,0.9427529732386272,91.97368421052632,2.7518427767259606e-05,30.592543601989746,6.040493488311768,False,0,0,0,0,0,0,0,0
2025-01-25 23:52:49,351,0.5975533148075672,0.9409126003583272,92.02631578947368,2.7214471849269842e-05,30.567370176315308,6.040493488311768,False,0,0,0,0,0,0,0,0
2025-01-25 23:53:19,352,0.5975292606556669,0.9427796125411987,91.84210526315789,2.6911575029002303e-05,30.573073148727417,6.040493488311768,False,0,0,0,0,0,0,0,0
2025-01-25 23:53:50,353,0.5975206020030569,0.9397233327229818,91.89473684210526,2.6609751385328152e-05,30.55122947692871,6.040493488311768,False,0,0,0,0,0,0,0,0
2025-01-25 23:54:20,354,0.5975716702481534,0.9444341222445171,91.88157894736842,2.630901494723663e-05,30.579594612121582,6.040493488311768,False,0,0,0,0,0,0,0,0
2025-01-25 23:54:51,355,0.5973632132753413,0.9491068045298259,91.97368421052632,2.600937969318273e-05,30.592832326889038,6.040493488311768,False,0,0,0,0,0,0,0,0
2025-01-25 23:55:22,356,0.5978569106852755,0.9406324823697408,92.09210526315789,2.5710859550437662e-05,30.542052268981934,6.040493488311768,False,0,0,0,0,0,0,0,0
2025-01-25 23:55:52,357,0.5972442302298039,0.9434721946716309,91.89473684210526,2.54134683944414e-05,30.581038236618042,6.040493488311768,False,0,0,0,0,0,0,0,0
2025-01-25 23:56:23,358,0.5974182243042804,0.9374504248301189,92.0,2.5117220048157718e-05,30.61039924621582,6.040493488311768,False,0,0,0,0,0,0,0,0
2025-01-25 23:56:53,359,0.5973691055115233,0.9454840898513794,91.8157894736842,2.4822128281431878e-05,30.592326402664185,6.040493488311768,False,0,0,0,0,0,0,0,0
2025-01-25 23:57:24,360,0.5975391509685111,0.9467687328656514,91.88157894736842,2.4528206810350288e-05,30.566562175750732,6.040493488311768,False,0,0,0,0,0,0,0,0
2025-01-25 23:57:55,361,0.5971714641185517,0.9438478350639343,91.90789473684211,2.4235469296603244e-05,30.588726043701172,6.040493488311768,False,0,0,0,0,0,0,0,0
2025-01-25 23:58:25,362,0.5975967716663442,0.9436414440472921,91.94736842105263,2.3943929346849793e-05,30.57841992378235,6.040493488311768,False,0,0,0,0,0,0,0,0
2025-01-25 23:58:56,363,0.5973446409753028,0.9596706549326579,91.5657894736842,2.3653600512085305e-05,30.575998306274414,6.040493488311768,False,0,0,0,0,0,0,0,0
2025-01-25 23:59:26,364,0.5973010702336088,0.939338501294454,92.0657894736842,2.3364496287011634e-05,30.56157088279724,6.040493488311768,False,0,0,0,0,0,0,0,0
2025-01-25 23:59:57,365,0.5970300253401412,0.9491041739781697,91.97368421052632,2.307663010940981e-05,30.58674931526184,6.040493488311768,False,0,0,0,0,0,0,0,0
2025-01-26 00:00:28,366,0.5972873850071684,0.9458765665690104,92.0657894736842,2.2790015359515546e-05,30.58462929725647,6.040493488311768,False,0,0,0,0,0,0,0,0
2025-01-26 00:00:58,367,0.596948165081917,0.9528299291928609,91.96052631578948,2.250466535939722e-05,30.55311608314514,6.040493488311768,False,0,0,0,0,0,0,0,0
2025-01-26 00:01:29,368,0.5975019320528558,0.9444073796272278,91.96052631578948,2.222059337233671e-05,30.63116979598999,6.040493488311768,False,0,0,0,0,0,0,0,0
2025-01-26 00:01:59,369,0.5971842420862076,0.945005742708842,91.94736842105263,2.1937812602212888e-05,30.605282306671143,6.040493488311768,False,0,0,0,0,0,0,0,0
2025-01-26 00:02:30,370,0.5969561688443448,0.9476035277048747,91.94736842105263,2.1656336192887908e-05,30.552266836166382,6.040493488311768,False,0,0,0,0,0,0,0,0
2025-01-26 00:03:00,371,0.5970370287590838,0.949640154838562,91.86842105263158,2.1376177227596192e-05,30.563059091567993,6.040493488311768,False,0,0,0,0,0,0,0,0
2025-01-26 00:03:31,372,0.5971449238188723,0.9472952683766683,91.98684210526316,2.1097348728336486e-05,30.556140661239624,6.040493488311768,False,0,0,0,0,0,0,0,0
2025-01-26 00:04:02,373,0.5972171217837232,0.9515285054842632,91.78947368421052,2.0819863655266364e-05,30.595811128616333,6.040493488311768,False,0,0,0,0,0,0,0,0
2025-01-26 00:04:32,374,0.5974043549375331,0.945213774840037,91.88157894736842,2.0543734906100015e-05,30.572887659072876,6.040493488311768,False,0,0,0,0,0,0,0,0
2025-01-26 00:05:03,375,0.597092550105237,0.9428768436113993,91.92105263157895,2.026897531550868e-05,30.578340768814087,6.040493488311768,False,0,0,0,0,0,0,0,0
2025-01-26 00:05:33,376,0.5972265246066641,0.9504934708277385,91.96052631578948,1.9995597654524e-05,30.558714151382446,6.040493488311768,False,0,0,0,0,0,0,0,0
2025-01-26 00:06:04,377,0.5970995416032507,0.9447227398554484,91.96052631578948,1.972361462994462e-05,30.599849224090576,6.040493488311768,False,0,0,0,0,0,0,0,0
2025-01-26 00:06:35,378,0.5971392890240284,0.9477389375368754,91.9342105263158,1.9453038883745333e-05,30.575886964797974,6.040493488311768,False,0,0,0,0,0,0,0,0
2025-01-26 00:07:05,379,0.5969792680537447,0.9491154710451762,91.9342105263158,1.918388299248962e-05,30.5790536403656,6.040493488311768,False,0,0,0,0,0,0,0,0
2025-01-26 00:07:36,380,0.5968961261688395,0.9474092125892639,92.05263157894737,1.891615946674505e-05,30.598906993865967,6.040493488311768,False,0,0,0,0,0,0,0,0
2025-01-26 00:08:06,381,0.5968424028538643,0.9467870712280273,92.02631578947368,1.864988075050174e-05,30.5739426612854,6.040493488311768,False,0,0,0,0,0,0,0,0
2025-01-26 00:08:37,382,0.5970068061605412,0.9524182399113973,91.85526315789474,1.8385059220594033e-05,30.580706119537354,6.040493488311768,False,0,0,0,0,0,0,0,0
2025-01-26 00:09:07,383,0.5972266935287638,0.9438817103703817,92.13157894736842,1.812170718612507e-05,30.572163105010986,6.040493488311768,False,0,0,0,0,0,0,0,0
2025-01-26 00:09:38,384,0.596905103389253,0.9445045034090678,92.01315789473684,1.7859836887894816e-05,30.593352794647217,6.040493488311768,False,0,0,0,0,0,0,0,0
2025-01-26 00:10:09,385,0.5971514613070387,0.9403834342956543,92.17105263157895,1.7599460497831005e-05,30.597078561782837,6.040493488311768,False,0,0,0,0,0,0,0,0
2025-01-26 00:10:39,386,0.5970169100355595,0.9434636473655701,92.17105263157895,1.7340590118423396e-05,30.58454155921936,6.040493488311768,False,0,0,0,0,0,0,0,0
2025-01-26 00:11:10,387,0.5970004687917994,0.9463304956754048,91.96052631578948,1.7083237782161246e-05,30.584708213806152,6.040493488311768,False,0,0,0,0,0,0,0,0
2025-01-26 00:11:40,388,0.5967249104317198,0.9447750091552735,92.03947368421052,1.6827415450974045e-05,30.579127073287964,6.040493488311768,False,0,0,0,0,0,0,0,0
2025-01-26 00:12:11,389,0.5970087322782963,0.9376084764798482,92.0,1.657313501567543e-05,30.579827070236206,6.040493488311768,False,0,0,0,0,0,0,0,0
2025-01-26 00:12:42,390,0.5968408620103877,0.9471338470776876,91.97368421052632,1.6320408295410688e-05,30.551628351211548,6.040493488311768,False,0,0,0,0,0,0,0,0
2025-01-26 00:13:12,391,0.5970358995681113,0.939177378018697,92.09210526315789,1.606924703710716e-05,30.594407081604004,6.040493488311768,False,0,0,0,0,0,0,0,0
2025-01-26 00:13:43,392,0.5968202489487668,0.9446550965309143,92.03947368421052,1.581966291492834e-05,30.59358501434326,6.040493488311768,False,0,0,0,0,0,0,0,0
2025-01-26 00:14:13,393,0.5967795410054795,0.943617828687032,92.22368421052632,1.557166752973135e-05,30.575263023376465,6.040493488311768,True,0,0,0,0,0,0,0,0
2025-01-26 00:14:44,394,0.596962345661001,0.9416435639063517,92.09210526315789,1.5325272408527525e-05,30.563528299331665,6.040493488311768,False,0,0,0,0,0,0,0,0
2025-01-26 00:15:15,395,0.5967233881037286,0.9418912450472514,92.10526315789474,1.5080489003946781e-05,30.578577995300293,6.040493488311768,False,0,0,0,0,0,0,0,0
2025-01-26 00:15:45,396,0.596655126328164,0.9515275160471598,91.84210526315789,1.4837328693705228e-05,30.57271385192871,6.040493488311768,False,0,0,0,0,0,0,0,0
2025-01-26 00:16:16,397,0.5965106215882808,0.9534346024195354,91.86842105263158,1.4595802780076327e-05,30.55414605140686,6.040493488311768,False,0,0,0,0,0,0,0,0
2025-01-26 00:16:46,398,0.596723986940181,0.9442777355511983,92.07894736842105,1.4355922489365577e-05,30.56494164466858,6.040493488311768,False,0,0,0,0,0,0,0,0
2025-01-26 00:17:17,399,0.5966588796453273,0.9463365316390991,92.11842105263158,1.411769897138869e-05,30.568966388702393,6.040493488311768,False,0,0,0,0,0,0,0,0
2025-01-26 00:17:47,400,0.5966837444203965,0.9474623918533325,92.10526315789474,1.3881143298953293e-05,30.551753759384155,6.040493488311768,False,0,0,0,0,0,0,0,0
2025-01-26 00:18:18,401,0.5966692977763237,0.9515396555264791,91.97368421052632,1.364626646734436e-05,30.585276126861572,6.040493488311768,False,0,0,0,0,0,0,0,0
2025-01-26 00:18:49,402,0.5965992881896648,0.9446058789889018,91.96052631578948,1.3413079393813056e-05,30.55452537536621,6.040493488311768,False,0,0,0,0,0,0,0,0
2025-01-26 00:19:19,403,0.5968666266887745,0.9470997174580892,91.94736842105263,1.3181592917069335e-05,30.55919313430786,6.040493488311768,False,0,0,0,0,0,0,0,0
2025-01-26 00:19:50,404,0.5964940710270659,0.9504866480827332,91.72368421052632,1.2951817796778145e-05,30.534307718276978,6.040493488311768,False,0,0,0,0,0,0,0,0
2025-01-26 00:20:20,405,0.5964475393295288,0.9454536358515422,92.11842105263158,1.272376471305925e-05,30.585009336471558,6.040493488311768,False,0,0,0,0,0,0,0,0
2025-01-26 00:20:51,406,0.5965872663132687,0.9465192556381226,92.01315789473684,1.2497444265990967e-05,30.557578802108765,6.040493488311768,False,0,0,0,0,0,0,0,0
2025-01-26 00:21:21,407,0.5965670468959402,0.9421045859654744,92.03947368421052,1.2272866975117254e-05,30.552453994750977,6.040493488311768,False,0,0,0,0,0,0,0,0
2025-01-26 00:21:52,408,0.5965304169249027,0.9484101891517639,92.01315789473684,1.2050043278958928e-05,30.5921790599823,6.040493488311768,False,0,0,0,0,0,0,0,0
2025-01-26 00:22:23,409,0.5966719345843539,0.9417951504389445,92.15789473684211,1.1828983534528405e-05,30.59232521057129,6.040493488311768,False,0,0,0,0,0,0,0,0
2025-01-26 00:22:53,410,0.5966410647047327,0.9470019221305848,91.97368421052632,1.1609698016848239e-05,30.585694074630737,6.040493488311768,False,0,0,0,0,0,0,0,0
2025-01-26 00:23:24,411,0.5965622960252964,0.9488149722417195,91.9342105263158,1.1392196918473712e-05,30.59213614463806,6.040493488311768,False,0,0,0,0,0,0,0,0
2025-01-26 00:23:54,412,0.5966038881464207,0.9569784681002299,91.86842105263158,1.1176490349018841e-05,30.531129121780396,6.040493488311768,False,0,0,0,0,0,0,0,0
2025-01-26 00:24:25,413,0.5966408772671477,0.9454597552617391,92.02631578947368,1.0962588334686666e-05,30.570014476776123,6.040493488311768,False,0,0,0,0,0,0,0,0
2025-01-26 00:24:55,414,0.5966212381707862,0.9497532884279887,91.98684210526316,1.0750500817803126e-05,30.576605319976807,6.040493488311768,False,0,0,0,0,0,0,0,0
2025-01-26 00:25:26,415,0.5966611674491396,0.9482194066047669,91.96052631578948,1.0540237656354967e-05,30.614372968673706,6.040493488311768,False,0,0,0,0,0,0,0,0
2025-01-26 00:25:57,416,0.5965317477571204,0.9460694352785747,92.03947368421052,1.0331808623531525e-05,30.569425106048584,6.040493488311768,False,0,0,0,0,0,0,0,0
2025-01-26 00:26:27,417,0.5966807312153756,0.9435026208559673,92.17105263157895,1.0125223407270467e-05,30.54493546485901,6.040493488311768,False,0,0,0,0,0,0,0,0
2025-01-26 00:26:58,418,0.5964513692450016,0.943397565682729,92.02631578947368,9.920491609807467e-06,30.562195539474487,6.040493488311768,False,0,0,0,0,0,0,0,0
2025-01-26 00:27:28,419,0.5967976732456938,0.9445260127385458,91.98684210526316,9.717622747229913e-06,30.58558177947998,6.040493488311768,False,0,0,0,0,0,0,0,0
2025-01-26 00:27:59,420,0.5965901813608535,0.9417099873224895,92.11842105263158,9.516626249034604e-06,30.540789365768433,6.040493488311768,False,0,0,0,0,0,0,0,0
2025-01-26 00:28:29,421,0.5964845553357551,0.9411964694658915,92.21052631578948,9.317511457689408e-06,30.57049059867859,6.040493488311768,False,0,0,0,0,0,0,0,0
2025-01-26 00:29:00,422,0.5965501270395644,0.9435356418291728,91.94736842105263,9.120287628199072e-06,30.558333158493042,6.040493488311768,False,0,0,0,0,0,0,0,0
2025-01-26 00:29:31,423,0.5965833775540615,0.9468644777933757,92.0,8.924963927674987e-06,30.563693284988403,6.040493488311768,False,0,0,0,0,0,0,0,0
2025-01-26 00:30:01,424,0.5963832507742212,0.9417900443077087,92.19736842105263,8.731549434909187e-06,30.576488494873047,6.040493488311768,False,0,0,0,0,0,0,0,0
2025-01-26 00:30:32,425,0.5963330935924611,0.94867049853007,92.0657894736842,8.54005313995222e-06,30.59273910522461,6.040493488311768,False,0,0,0,0,0,0,0,0
2025-01-26 00:31:02,426,0.5964374349472371,0.9459603389104208,92.13157894736842,8.350483943695415e-06,30.60844397544861,6.040493488311768,False,0,0,0,0,0,0,0,0
2025-01-26 00:31:33,427,0.5965256625033439,0.9434015035629273,92.09210526315789,8.162850657457108e-06,30.56161856651306,6.040493488311768,False,0,0,0,0,0,0,0,0
2025-01-26 00:32:03,428,0.5962717145047289,0.9473425110181173,92.02631578947368,7.97716200257304e-06,30.52860999107361,6.040493488311768,False,0,0,0,0,0,0,0,0
2025-01-26 00:32:34,429,0.5964236873261473,0.9450251857439677,92.0,7.793426609991106e-06,30.57303810119629,6.040493488311768,False,0,0,0,0,0,0,0,0
2025-01-26 00:33:05,430,0.59643877009128,0.9468686143557231,92.0,7.611653019870028e-06,30.61278796195984,6.040493488311768,False,0,0,0,0,0,0,0,0
2025-01-26 00:33:35,431,0.596315077517895,0.9488202253977458,92.03947368421052,7.431849681182522e-06,30.588500499725342,6.040493488311768,False,0,0,0,0,0,0,0,0
2025-01-26 00:34:06,432,0.5962781791991376,0.9496158083279927,92.0,7.254024951322531e-06,30.564173460006714,6.040493488311768,False,0,0,0,0,0,0,0,0
2025-01-26 00:34:36,433,0.596144806831441,0.9471422831217448,92.0657894736842,7.078187095716783e-06,30.583704471588135,6.040493488311768,False,0,0,0,0,0,0,0,0
2025-01-26 00:35:07,434,0.596431361107116,0.9465059240659078,92.10526315789474,6.904344287440591e-06,30.562124967575073,6.040493488311768,False,0,0,0,0,0,0,0,0
2025-01-26 00:35:38,435,0.5962731909244618,0.9467615683873495,92.10526315789474,6.732504606837992e-06,30.534891843795776,6.040493488311768,False,0,0,0,0,0,0,0,0
2025-01-26 00:36:08,436,0.5963612427102759,0.9484369874000549,92.03947368421052,6.5626760411461095e-06,30.550878524780273,6.040493488311768,False,0,0,0,0,0,0,0,0
2025-01-26 00:36:39,437,0.5963235738429618,0.9494973103205363,92.0,6.394866484123974e-06,30.599876403808594,6.040493488311768,False,0,0,0,0,0,0,0,0
2025-01-26 00:37:09,438,0.5962580627583443,0.9477211833000183,92.11842105263158,6.229083735685563e-06,30.587831258773804,6.040493488311768,False,0,0,0,0,0,0,0,0
2025-01-26 00:37:40,439,0.5964315135428246,0.9454583168029785,92.13157894736842,6.065335501537287e-06,30.628260374069214,6.040493488311768,False,0,0,0,0,0,0,0,0
2025-01-26 00:38:11,440,0.5961865168936709,0.9444986621538798,92.19736842105263,5.903629392819798e-06,30.565372705459595,6.040493488311768,False,0,0,0,0,0,0,0,0
2025-01-26 00:38:41,441,0.596325428435143,0.9446116964022319,92.21052631578948,5.743972925754204e-06,30.600979566574097,6.040493488311768,False,0,0,0,0,0,0,0,0
2025-01-26 00:39:12,442,0.5965383177107954,0.9457302649815877,92.10526315789474,5.586373521292789e-06,30.56658911705017,6.040493488311768,False,0,0,0,0,0,0,0,0
2025-01-26 00:39:42,443,0.5964096941846482,0.9454579671223958,92.13157894736842,5.430838504773968e-06,30.569886445999146,6.040493488311768,False,0,0,0,0,0,0,0,0
2025-01-26 00:40:13,444,0.5962629838192717,0.9489386836687724,92.03947368421052,5.277375105581888e-06,30.604905605316162,6.040493488311768,False,0,0,0,0,0,0,0,0
2025-01-26 00:40:43,445,0.5962974375866829,0.9480194250742594,91.98684210526316,5.125990456810375e-06,30.551583528518677,6.040493488311768,False,0,0,0,0,0,0,0,0
2025-01-26 00:41:14,446,0.5963994010965875,0.9439658244450887,92.11842105263158,4.976691594931332e-06,30.60104775428772,6.040493488311768,False,0,0,0,0,0,0,0,0
2025-01-26 00:41:45,447,0.5963946598641416,0.946402657032013,92.05263157894737,4.829485459467802e-06,30.58081316947937,6.040493488311768,False,0,0,0,0,0,0,0,0
2025-01-26 00:42:15,448,0.5961102054474202,0.9450579047203064,92.15789473684211,4.684378892671259e-06,30.603434085845947,6.040493488311768,False,0,0,0,0,0,0,0,0
2025-01-26 00:42:46,449,0.5961883549994611,0.9500569939613343,92.01315789473684,4.541378639203693e-06,30.548345804214478,6.040493488311768,False,0,0,0,0,0,0,0,0
2025-01-26 00:43:16,450,0.5961784570775134,0.947581946849823,92.07894736842105,4.400491345824066e-06,30.55173683166504,6.040493488311768,False,0,0,0,0,0,0,0,0
2025-01-26 00:43:47,451,0.5963060417073838,0.9500597874323528,92.0657894736842,4.261723561079368e-06,30.58006715774536,6.040493488311768,False,0,0,0,0,0,0,0,0
2025-01-26 00:44:18,452,0.5961373351989908,0.9486199657122294,92.15789473684211,4.125081735000237e-06,30.581773042678833,6.040493488311768,False,0,0,0,0,0,0,0,0
2025-01-26 00:44:48,453,0.5960949862256963,0.9492053270339966,92.10526315789474,3.990572218801176e-06,30.573662757873535,6.040493488311768,False,0,0,0,0,0,0,0,0
2025-01-26 00:45:19,454,0.5962503785782672,0.9450450261433919,92.19736842105263,3.858201264585285e-06,30.603415489196777,6.040493488311768,False,0,0,0,0,0,0,0,0
2025-01-26 00:45:49,455,0.5962361107481287,0.9489241480827332,92.07894736842105,3.7279750250537418e-06,30.565083503723145,6.040493488311768,False,0,0,0,0,0,0,0,0
2025-01-26 00:46:20,456,0.5962649251552339,0.9443461179733277,92.27631578947368,3.599899553219763e-06,30.537840843200684,6.040493488311768,True,0,0,0,0,0,0,0,0
2025-01-26 00:46:50,457,0.5963530814394038,0.9443702578544617,92.23684210526316,3.4739808021272745e-06,30.61452841758728,6.040493488311768,False,0,0,0,0,0,0,0,0
2025-01-26 00:47:21,458,0.5961930647809455,0.945779045422872,92.19736842105263,3.3502246245742037e-06,30.525508880615234,6.040493488311768,False,0,0,0,0,0,0,0,0
2025-01-26 00:47:52,459,0.5963015952008835,0.9466211517651876,92.15789473684211,3.2286367728404196e-06,30.55361843109131,6.040493488311768,False,0,0,0,0,0,0,0,0
2025-01-26 00:48:22,460,0.5960946250469127,0.9489054918289185,92.14473684210526,3.1092228984204266e-06,30.593874216079712,6.040493488311768,False,0,0,0,0,0,0,0,0
2025-01-26 00:48:53,461,0.5963079404323659,0.9486920714378357,92.03947368421052,2.9919885517605847e-06,30.608811616897583,6.040493488311768,False,0,0,0,0,0,0,0,0
2025-01-26 00:49:23,462,0.5960622206647346,0.946509583791097,92.22368421052632,2.8769391820012023e-06,30.54246163368225,6.040493488311768,False,0,0,0,0,0,0,0,0
2025-01-26 00:49:54,463,0.5962751500149991,0.9472627321879069,92.09210526315789,2.764080136723222e-06,30.592597484588623,6.040493488311768,False,0,0,0,0,0,0,0,0
2025-01-26 00:50:24,464,0.5960420945857433,0.9473480423291524,92.1842105263158,2.6534166616996383e-06,30.56327509880066,6.040493488311768,False,0,0,0,0,0,0,0,0
2025-01-26 00:50:55,465,0.5960912344303537,0.9481812238693237,92.13157894736842,2.5449539006517303e-06,30.59478998184204,6.040493488311768,False,0,0,0,0,0,0,0,0
2025-01-26 00:51:26,466,0.5961168852258236,0.9468757192293803,92.21052631578948,2.438696895009912e-06,30.596211194992065,6.040493488311768,False,0,0,0,0,0,0,0,0
2025-01-26 00:51:56,467,0.5962332197960387,0.9447577794392904,92.11842105263158,2.334650583679451e-06,30.611372709274292,6.040493488311768,False,0,0,0,0,0,0,0,0
2025-01-26 00:52:27,468,0.5960068228396963,0.9472703099250793,92.14473684210526,2.2328198028108685e-06,30.584792613983154,6.040493488311768,False,0,0,0,0,0,0,0,0
2025-01-26 00:52:57,469,0.5960032650764953,0.9482856472333272,92.10526315789474,2.1332092855751988e-06,30.559285879135132,6.040493488311768,False,0,0,0,0,0,0,0,0
2025-01-26 00:53:28,470,0.5962030296630048,0.9467093865076701,92.17105263157895,2.0358236619439193e-06,30.53304100036621,6.040493488311768,False,0,0,0,0,0,0,0,0
2025-01-26 00:53:59,471,0.5961460582753445,0.9472545226414998,92.15789473684211,1.9406674584738326e-06,30.60413384437561,6.040493488311768,False,0,0,0,0,0,0,0,0
2025-01-26 00:54:29,472,0.5961683620797827,0.946741231282552,92.17105263157895,1.8477450980965707e-06,30.604177713394165,6.040493488311768,False,0,0,0,0,0,0,0,0
2025-01-26 00:55:00,473,0.5962860619768183,0.9450911959012349,92.14473684210526,1.7570608999130977e-06,30.567015409469604,6.040493488311768,False,0,0,0,0,0,0,0,0
2025-01-26 00:55:30,474,0.5962140869587026,0.9485119303067525,92.02631578947368,1.6686190789929168e-06,30.53419256210327,6.040493488311768,False,0,0,0,0,0,0,0,0
2025-01-26 00:56:01,475,0.595930368595935,0.9476027965545655,92.14473684210526,1.5824237461781378e-06,30.55132031440735,6.040493488311768,False,0,0,0,0,0,0,0,0
2025-01-26 00:56:31,476,0.5960565277870665,0.9462134758631389,92.1842105263158,1.4984789078924487e-06,30.533331155776978,6.040493488311768,False,0,0,0,0,0,0,0,0
2025-01-26 00:57:02,477,0.596198855562413,0.9453076481819153,92.1842105263158,1.4167884659548417e-06,30.580783128738403,6.040493488311768,False,0,0,0,0,0,0,0,0
2025-01-26 00:57:33,478,0.5962029756383693,0.945504613717397,92.11842105263158,1.3373562173982823e-06,30.575221061706543,6.040493488311768,False,0,0,0,0,0,0,0,0
2025-01-26 00:58:03,479,0.5960719798473602,0.9464171131451925,92.10526315789474,1.2601858542932176e-06,30.592517614364624,6.040493488311768,False,0,0,0,0,0,0,0,0
2025-01-26 00:58:34,480,0.5961242642808467,0.9467937548955282,92.13157894736842,1.1852809635759697e-06,30.534621238708496,6.040493488311768,False,0,0,0,0,0,0,0,0
2025-01-26 00:59:04,481,0.5961492051469519,0.9480268398920695,92.13157894736842,1.1126450268819972e-06,30.552953720092773,6.040493488311768,False,0,0,0,0,0,0,0,0
2025-01-26 00:59:35,482,0.5959979328703373,0.9455676555633545,92.23684210526316,1.0422814203840705e-06,30.49998712539673,6.040493488311768,False,0,0,0,0,0,0,0,0
2025-01-26 01:00:05,483,0.5959280034329029,0.9454270998636881,92.19736842105263,9.741934146353698e-07,30.605867862701416,6.040493488311768,False,0,0,0,0,0,0,0,0
2025-01-26 01:00:36,484,0.5960803321067323,0.9463676532109578,92.21052631578948,9.083841744174232e-07,30.564146518707275,6.040493488311768,False,0,0,0,0,0,0,0,0
2025-01-26 01:01:07,485,0.5961000858469212,0.9463784416516622,92.17105263157895,8.448567585930378e-07,30.56536316871643,6.040493488311768,False,0,0,0,0,0,0,0,0
2025-01-26 01:01:37,486,0.5961696599392181,0.9479155580202738,92.13157894736842,7.836141199641292e-07,30.574350118637085,6.040493488311768,False,0,0,0,0,0,0,0,0
2025-01-26 01:02:08,487,0.5960343429382812,0.9489208936691285,92.09210526315789,7.246591051344267e-07,30.56195068359375,6.040493488311768,False,0,0,0,0,0,0,0,0
2025-01-26 01:02:38,488,0.596177526991418,0.94706738392512,92.17105263157895,6.67994454377213e-07,30.544742107391357,6.040493488311768,False,0,0,0,0,0,0,0,0
2025-01-26 01:03:09,489,0.5961250099729984,0.946996788183848,92.13157894736842,6.136228015079269e-07,30.54498529434204,6.040493488311768,False,0,0,0,0,0,0,0,0
2025-01-26 01:03:39,490,0.5961542507435413,0.9478453516960144,92.10526315789474,5.615466737617336e-07,30.595250844955444,6.040493488311768,False,0,0,0,0,0,0,0,0
2025-01-26 01:04:10,491,0.596143298453473,0.9470465381940206,92.14473684210526,5.11768491676097e-07,30.56677484512329,6.040493488311768,False,0,0,0,0,0,0,0,0
2025-01-26 01:04:41,492,0.5960659930046569,0.9466358184814453,92.15789473684211,4.642905689782199e-07,30.57114887237549,6.040493488311768,False,0,0,0,0,0,0,0,0
2025-01-26 01:05:11,493,0.5959215673994511,0.9466572324434916,92.17105263157895,4.1911511247753125e-07,30.57211446762085,6.040493488311768,False,0,0,0,0,0,0,0,0
2025-01-26 01:05:42,494,0.5960509792287298,0.9467840154965719,92.15789473684211,3.762442219631176e-07,30.525760650634766,6.040493488311768,False,0,0,0,0,0,0,0,0
2025-01-26 01:06:12,495,0.5960358622226309,0.9470587690671285,92.15789473684211,3.3567989010609667e-07,30.58023715019226,6.040493488311768,False,0,0,0,0,0,0,0,0
2025-01-26 01:06:43,496,0.5961834017266618,0.9473374605178833,92.14473684210526,2.974240023670082e-07,30.58565354347229,6.040493488311768,False,0,0,0,0,0,0,0,0
2025-01-26 01:07:13,497,0.5961543440818786,0.9472513834635417,92.13157894736842,2.614783369081957e-07,30.551254987716675,6.040493488311768,False,0,0,0,0,0,0,0,0
2025-01-26 01:07:44,498,0.5961070083557292,0.9473121086756389,92.11842105263158,2.2784456451113382e-07,30.573883533477783,6.040493488311768,False,0,0,0,0,0,0,0,0
2025-01-26 01:08:15,499,0.5961598256801037,0.9476010958353679,92.10526315789474,1.9652424849876306e-07,30.552002429962158,6.040493488311768,False,0,0,0,0,0,0,0,0
2025-01-26 01:08:45,500,0.5962820268691854,0.9475751042366027,92.10526315789474,1.6751884466284836e-07,30.573177099227905,6.040493488311768,False,0,0,0,0,0,0,0,0
2025-01-26 01:09:16,501,0.5960332172982237,0.9476096510887146,92.10526315789474,1.408297011963054e-07,30.56765651702881,6.040493488311768,False,0,0,0,0,0,0,0,0
2025-01-26 01:09:46,502,0.5962699839409361,0.9472740133603413,92.10526315789474,1.1645805863051793e-07,30.555368423461914,6.040493488311768,False,0,0,0,0,0,0,0,0
2025-01-26 01:10:17,503,0.5960900872311694,0.9473753849665324,92.11842105263158,9.440504977770066e-08,30.55292844772339,6.040493488311768,False,0,0,0,0,0,0,0,0
2025-01-26 01:10:47,504,0.5961195826530457,0.9474112550417583,92.11842105263158,7.467169967823604e-08,30.614800930023193,6.040493488311768,False,0,0,0,0,0,0,0,0
2025-01-26 01:11:18,505,0.5960413603072471,0.9474000414212544,92.11842105263158,5.725892555302921e-08,30.592340230941772,6.040493488311768,False,0,0,0,0,0,0,0,0
2025-01-26 01:11:49,506,0.5961269584107907,0.9473561684290568,92.10526315789474,4.216753676086461e-08,30.537286043167114,6.040493488311768,False,0,0,0,0,0,0,0,0
2025-01-26 01:12:19,507,0.5960463724237808,0.94736301501592,92.11842105263158,2.9398234760813845e-08,30.60938858985901,6.040493488311768,False,0,0,0,0,0,0,0,0
2025-01-26 01:12:50,508,0.5959926445433434,0.9473577340443929,92.11842105263158,1.8951613079595344e-08,30.48903799057007,6.040493488311768,False,0,0,0,0,0,0,0,0
2025-01-26 01:13:20,509,0.596130800754466,0.9473384658495585,92.11842105263158,1.08281572840187e-08,30.577985763549805,6.040493488311768,False,0,0,0,0,0,0,0,0
2025-01-26 01:13:51,510,0.5961459684879222,0.9473383824030558,92.11842105263158,5.028244958397292e-09,30.542311906814575,6.040493488311768,False,0,0,0,0,0,0,0,0
2025-01-26 01:14:21,511,0.5961741077139022,0.9473383943239848,92.11842105263158,1.5521456870012675e-09,30.543616771697998,6.040493488311768,False,0,0,0,0,0,0,0,0
